Episode,Title,Author_Last,Author_Init,Duration,MP3_URL,Transcript_URL,Topics
479,"1 Samuel 30-31",Heiser,MS,43:54,https://nakedbiblepodcast.com/wp-content/uploads/2023/09/Naked-Bible-479.mp3,https://nakedbiblepodcast.com/wp-content/uploads/2023/09/Naked-Bible-479.pdf,1 samuel
478,"1 Samuel 29",Heiser,MS,43:43,https://nakedbiblepodcast.com/wp-content/uploads/2023/09/Naked-Bible-478.mp3,https://nakedbiblepodcast.com/wp-content/uploads/2023/09/Naked-Bible-478.pdf,1 samuel
477,"1 Samuel 28",Heiser,MS,42:43,https://nakedbiblepodcast.com/wp-content/uploads/2023/09/Naked-Bible-477.mp3,https://nakedbiblepodcast.com/wp-content/uploads/2023/09/Naked-Bible-477.pdf,1 samuel
476,"1 Samuel 27",Heiser,MS,43:32,https://nakedbiblepodcast.com/wp-content/uploads/2023/09/Naked-Bible-476.mp3,https://nakedbiblepodcast.com/wp-content/uploads/2023/09/Naked-Bible-476.pdf,1 samuel
475,"1 Samuel 26",Heiser,MS,30:47,https://nakedbiblepodcast.com/wp-content/uploads/2023/09/Naked-Bible-475.mp3,https://nakedbiblepodcast.com/wp-content/uploads/2023/09/Naked-Bible-475.pdf,1 samuel
474,"1 Samuel 25",Heiser,MS,40:21,https://nakedbiblepodcast.com/wp-content/uploads/2023/09/Naked-Bible-474.mp3,https://nakedbiblepodcast.com/wp-content/uploads/2023/09/Naked-Bible-474.pdf,1 samuel
473,"1 Samuel 24",Heiser,MS,1:01:10,https://nakedbiblepodcast.com/wp-content/uploads/2023/09/Naked-Bible-473.mp3,https://nakedbiblepodcast.com/wp-content/uploads/2023/09/Naked-Bible-473.pdf,1 samuel
472,"1 Samuel 23",Heiser,MS,35:23,https://nakedbiblepodcast.com/wp-content/uploads/2023/09/Naked-Bible-472.mp3,https://nakedbiblepodcast.com/wp-content/uploads/2023/09/Naked-Bible-472.pdf,1 samuel
471,"1 Samuel 22",Heiser,MS,25:22,https://nakedbiblepodcast.com/wp-content/uploads/2023/09/Naked-Bible-471.mp3,https://nakedbiblepodcast.com/wp-content/uploads/2023/09/Naked-Bible-471.pdf,1 samuel
470,"1 Samuel 21",Heiser,MS,33:06,https://nakedbiblepodcast.com/wp-content/uploads/2023/09/Naked-Bible-470.mp3,https://nakedbiblepodcast
469,"1 Samuel 20",Heiser,MS,30:12,https://nakedbiblepodcast.com/wp-content/uploads/2023/09/Naked-Bible-469.mp3,https://nakedbiblepodcast.com/wp-content/uploads/2023/09/Naked-Bible-469.pdf,1 samuel
468,Miqlat,Heiser,MS,32:09,https://nakedbiblepodcast.com/wp-content/uploads/2023/09/Naked-Bible-468.mp3,N/A,miqlat
467,"1 Samuel 19",Heiser,MS,23:07,https://nakedbiblepodcast.com/wp-content/uploads/2023/09/Naked-Bible-467.mp3,https://nakedbiblepodcast.com/wp-content/uploads/2023/09/Naked-Bible-467.pdf,1 samuel
466,"1 Samuel 18",Heiser,MS,28:20,https://nakedbiblepodcast.com/wp-content/uploads/2023/09/Naked-Bible-466.mp3,https://nakedbiblepodcast.com/wp-content/uploads/2023/09/Naked-Bible-466.pdf,1 samuel
465,"1 Samuel 17",Heiser,MS,31:48,https://nakedbiblepodcast.com/wp-content/uploads/2023/09/Naked-Bible-465.mp3,https://nakedbiblepodcast.com/wp-content/uploads/2023/09/Naked-Bible-465.pdf,1 samuel
464,"1 Samuel 16",Heiser,MS,1:06:46,https://nakedbiblepodcast.com/wp-content/uploads/2023/09/Naked-Bible-464.mp3,https://nakedbiblepodcast.com/wp-content/uploads/2023/09/Naked-Bible-464.pdf,1 samuel
463,"1 Samuel 15",Heiser,MS,36:19,https://nakedbiblepodcast.com/wp-content/uploads/2023/09/Naked-Bible-463.mp3,https://nakedbiblepodcast.com/wp-content/uploads/2023/09/Naked-Bible-463.pdf,1 samuel
462,"Honoring Dr. Michael S. Heiser Part 4",Heiser,MS,1:06:16,https://nakedbiblepodcast.com/wp-content/uploads/2023/09/Naked-Bible-462.mp3,N/A,honoring dr michael s heiser
461,"Honoring Dr. Michael S. Heiser Part 3",Heiser,MS,1:05:35,https://nakedbiblepodcast.com/wp-content/uploads/2023/09/Naked-Bible-461.mp3,N/A,honoring dr michael s heiser
460,"Honoring Dr. Michael S. Heiser Part 2",Heiser,MS,1:23:11,https://nakedbiblepodcast.com/wp-content/uploads/2023/09/Naked-Bible-460.mp3,N/A,honoring dr michael s heiser
459,"Honoring Dr. Michael S. Heiser",Heiser,MS,1:47:21,https://nakedbiblepodcast.com/wp-content/uploads/2023/09/Naked-Bible-459.mp3,N/A,honoring dr michael s heiser
458,"1 Samuel 13-14",Heiser,MS,1:04:26,https://nakedbiblepodcast.com/wp-content/uploads/2023/09/Naked-Bible-458.mp3,https://nakedbiblepodcast.com/wp-content/uploads/2023/09/Naked-Bible-458.pdf,1 samuel
457,"1 Samuel 12",Heiser,MS,34:35,https://nakedbiblepodcast.com/wp-content/uploads/2023/09/Naked-Bible-457.mp3,https://nakedbiblepodcast.com/wp-content/uploads/2023/09/Naked-Bible-457.pdf,1 samuel
456,"1 Samuel 11",Heiser,MS,48:41,https://nakedbiblepodcast.com/wp-content/uploads/2023/09/Naked-Bible-456.mp3,https://nakedbiblepodcast.com/wp-content/uploads/2023/09/Naked-Bible-456.pdf,1 samuel
455,"1 Samuel 8-10 Part 2",Heiser,MS,52:02,https://nakedbiblepodcast.com/wp-content/uploads/2023/09/Naked-Bible-455.mp3,https://nakedbiblepodcast.com/wp-content/uploads/2023/09/Naked-Bible-455.pdf,1 samuel
454,"1 Samuel 8-10 Part 1",Heiser,MS,35:17,https://nakedbiblepodcast.com/wp-content/uploads/2023/09/Naked-Bible-454.mp3,https://nakedbiblepodcast.com/wp-content/uploads/2023/09/Naked-Bible-454.pdf,1 samuel
453,"1 Samuel 7",Heiser,MS,51:28,https://nakedbiblepodcast.com/wp-content/uploads/2023/09/Naked-Bible-453.mp3,https://nakedbiblepodcast.com/wp-content/uploads/2023/09/Naked-Bible-453.pdf,1 samuel
452,"Counterfeit Kingdom",Heiser,MS,1:24:39,https://nakedbiblepodcast.com/wp-content/uploads/2023/09/Naked-Bible-452.mp3,https://nakedbiblepodcast.com/wp-content/uploads/2023/09/Naked-Bible-452.pdf,counterfeit kingdom
451,"1 Samuel 5-6",Heiser,MS,38:46,https://nakedbiblepodcast.com/wp-content/uploads/2023/09/Naked-Bible-451.mp3,https://nakedbiblepodcast.com/wp-content/uploads/2023/09/Naked-Bible-451.pdf,1 samuel
450,"1 Samuel 4",Heiser,MS,36:27,https://nakedbiblepodcast.com/wp-content/uploads/2023/09/Naked-Bible-450.mp3,https://nakedbiblepodcast.com/wp-content/uploads/2023/09/Naked-Bible-450.pdf,1 samuel
449,"1 Samuel 3",Heiser,MS,30:26,https://nakedbiblepodcast.com/wp-content/uploads/2023/09/Naked-Bible-449.mp3,https://nakedbiblepodcast.com/wp-content/uploads/2023/09/Naked-Bible-449.pdf,1 samuel
448,"1 Samuel 2:12-36",Heiser,MS,36:57,https://nakedbiblepodcast.com/wp-content/uploads/2023/09/Naked-Bible-448.mp3,https://nakedbiblepodcast.com/wp-content/uploads/2023/09/Naked-Bible-448.pdf,1 samuel
447,"1 Samuel 1:1-2:11",Heiser,MS,40:37,https://nakedbiblepodcast.com/wp-content/uploads/2023/09/Naked-Bible-447.mp3,https://nakedbiblepodcast.com/wp-content/uploads/2023/09/Naked-Bible-447.pdf,1 samuel
446,"1 Samuel Introduction",Heiser,MS,34:19,https://nakedbiblepodcast.com/wp-content/uploads/2023/09/Naked-Bible-446.mp3,https://nakedbiblepodcast.com/wp-content/uploads/2023/09/Naked-Bible-446.pdf,1 samuel introduction
445,"Q&A 57",Heiser,MS,31:05,https://nakedbiblepodcast.com/wp-content/uploads/2023/08/Naked-Bible-445.mp3,https://nakedbiblepodcast.com/wp-content/uploads/2023/08/Naked-Bible-445.pdf,q&a
444,"Q&A 56",Heiser,MS,46:16,https://nakedbiblepodcast.com/wp-content/uploads/2023/08/Naked-Bible-444.mp3,https://nakedbiblepodcast.com/wp-content/uploads/2023/08/Naked-Bible-444.pdf,q&a
443,"Jude Q&A Part 2",Heiser,MS,39:08,https://nakedbiblepodcast.com/wp-content/uploads/2023/08/Naked-Bible-443.mp3,https://nakedbiblepodcast.com/wp-content/uploads/2023/08/Naked-Bible-443.pdf,jude q&a
442,"Jude Q&A Part 1",Heiser,MS,43:29,https://nakedbiblepodcast.com/wp-content/uploads/2023/08/Naked-Bible-442.mp3,https://nakedbiblepodcast.com/wp-content/uploads/2023/08/Naked-Bible-442.pdf,jude q&a
441,"The Afterlife Part 2",Heiser,MS,52:19,https://nakedbiblepodcast.com/wp-content/uploads/2023/08/Naked-Bible-441.mp3,https://nakedbiblepodcast.com/wp-content/uploads/2023/08/Naked-Bible-441.pdf,afterlife
440,"The Afterlife Part 1",Heiser,MS,55:32,https://nakedbiblepodcast.com/wp-content/uploads/2023/08/Naked-Bible-440.mp3,https://nakedbiblepodcast.com/wp-content/uploads/2023/08/Naked-Bible-440.pdf,afterlife
439,"The Epistle of Jude Part 8",Heiser,MS,51:08,https://nakedbiblepodcast.com/wp-content/uploads/2023/08/Naked-Bible-439.mp3,https://nakedbiblepodcast.com/wp-content/uploads/2023/08/Naked-Bible-439.pdf,epistle of jude
438,"The Epistle of Jude Part 7",Heiser,MS,38:29,https://nakedbiblepodcast.com/wp-content/uploads/2023/08/Naked-Bible-438.mp3,https://nakedbiblepodcast.com/wp-content/uploads/2023/08/Naked-Bible-438.pdf,epistle of jude
437,"The Epistle of Jude Part 6",Heiser,MS,40:34,https://nakedbiblepodcast.com/wp-content/uploads/2023/08/Naked-Bible-437.mp3,https://nakedbiblepodcast.com/wp-content/uploads/2023/08/Naked-Bible-437.pdf,epistle of jude
436,"The Epistle of Jude Part 5",Heiser,MS,34:30,https://nakedbiblepodcast.com/wp-content/uploads/2023/08/Naked-Bible-436.mp3,https://nakedbiblepodcast.com/wp-content/uploads/2023/08/Naked-Bible-436.pdf,epistle of jude
435,"The Epistle of Jude Part 4",Heiser,MS,40:04,https://nakedbiblepodcast.com/wp-content/uploads/2023/08/Naked-Bible-435.mp3,https://nakedbiblepodcast.com/wp-content/uploads/2023/08/Naked-Bible-435.pdf,epistle of jude
434,"The Epistle of Jude Part 3",Heiser,MS,1:02:42,https://nakedbiblepodcast.com/wp-content/uploads/2023/08/Naked-Bible-434.mp3,https://nakedbiblepodcast.com/wp-content/uploads/2023/08/Naked-Bible-434.pdf,epistle of jude
433,"The Epistle of Jude Part 2",Heiser,MS,52:08,https://nakedbiblepodcast.com/wp-content/uploads/2023/08/Naked-Bible-433.mp3,https://nakedbiblepodcast.com/wp-content/uploads/2023/08/Naked-Bible-433.pdf,epistle of jude
432,"The Epistle of Jude Part 1",Heiser,MS,1:06:33,https://nakedbiblepodcast.com/wp-content/uploads/2023/08/Naked-Bible-432.mp3,https://nakedbiblepodcast.com/wp-content/uploads/2023/08/Naked-Bible-432.pdf,epistle of jude
431,"Q&A 55",Heiser,MS,29:24,https://nakedbiblepodcast.com/wp-content/uploads/2023/08/Naked-Bible-431.mp3,https://nakedbiblepodcast.com/wp-content/uploads/2023/08/Naked-Bible-431.pdf,q&a
430,"John Walton on Demons and Spirits",Heiser,MS,1:43:40,https://nakedbiblepodcast.com/wp-content/uploads/2023/08/Naked-Bible-430.mp3,https://nakedbiblepodcast.com/wp-content/uploads/2023/08/Naked-Bible-430.pdf,john walton demons spirits
429,"Hollywood Heroes",Heiser,MS,1:05:15,https://nakedbiblepodcast.com/wp-content/uploads/2023/08/Naked-Bible-429.mp3,https://nakedbiblepodcast.com/wp-content/uploads/2023/08/Naked-Bible-429.pdf,hollywood heroes
428,"Q&A 54",Heiser,MS,22:30,https://nakedbiblepodcast.com/wp-content/uploads/2023/08/Naked-Bible-428.mp3,https://nakedbiblepodcast.com/wp-content/uploads/2023/08/Naked-Bible-428.pdf,q&a
427,"Q&A 53",Heiser,MS,28:37,https://nakedbiblepodcast.com/wp-content/uploads/2023/08/Naked-Bible-427.mp3,https://nakedbiblepodcast.com/wp-content/uploads/2023/08/Naked-Bible-427.pdf,q&a
426,"Q&A 52",Heiser,MS,21:35,https://nakedbiblepodcast.com/wp-content/uploads/2023/08/Naked-Bible-426.mp3,https://nakedbiblepodcast.com/wp-content/uploads/2023/08/Naked-Bible-426.pdf,q&a
425,"Q&A 51",Heiser,MS,28:00,https://nakedbiblepodcast.com/wp-content/uploads/2023/08/Naked-Bible-425.mp3,https://nakedbiblepodcast.com/wp-content/uploads/2023/08/Naked-Bible-425.pdf,q&a
424,"Q&A 50",Heiser,MS,27:12,https://nakedbiblepodcast.com/wp-content/uploads/2023/08/Naked-Bible-424.mp3,https://nakedbiblepodcast.com/wp-content/uploads/2023/08/Naked-Bible-424.pdf,q&a
423,"The Queen of Heaven",Heiser,MS,53:02,https://nakedbiblepodcast.com/wp-content/uploads/2023/08/Naked-Bible-423.mp3,https://nakedbiblepodcast.com/wp-content/uploads/2023/08/Naked-Bible-423.pdf,queen of heaven
422,"Paul's Use of the Old Testament Series: Romans 12-16",Heiser,MS,1:03:11,https://nakedbiblepodcast.com/wp-content/uploads/2023/08/Naked-Bible-422.mp3,https://nakedbiblepodcast.com/wp-content/uploads/2023/08/Naked-Bible-422.pdf,paul old testament romans
421,"Paul's Use of the Old Testament Series: Romans 9-11",Heiser,MS,51:20,https://nakedbiblepodcast.com/wp-content/uploads/2023/08/Naked-Bible-421.mp3,https://nakedbiblepodcast.com/wp-content/uploads/2023/08/Naked-Bible-421.pdf,paul old testament romans
420,"Paul's Use of the Old Testament Series: Romans 4",Heiser,MS,41:52,https://nakedbiblepodcast.com/wp-content/uploads/2023/08/Naked-Bible-420.mp3,https://nakedbiblepodcast.com/wp-content/uploads/2023/08/Naked-Bible-420.pdf,paul old testament romans
419,"Paul's Use of the Old Testament Series: Romans 1-3",Heiser,MS,1:08:56,https://nakedbiblepodcast.com/wp-content/uploads/2023/08/Naked-Bible-419.mp3,https://nakedbiblepodcast.com/wp-content/uploads/2023/08/Naked-Bible-419.pdf,paul old testament romans
418,"Paul's Use of the Old Testament Series: Malachi and Romans",Heiser,MS,1:12:52,https://nakedbiblepodcast.com/wp-content/uploads/2023/08/Naked-Bible-418.mp3,https://nakedbiblepodcast.com/wp-content/uploads/2023/08/Naked-Bible-418.pdf,paul old testament malachi romans
417,"Paul's Use of the Old Testament Series: The Messiahs in Daniel 9",Heiser,MS,57:14,https://nakedbiblepodcast.com/wp-content/uploads/2023/08/Naked-Bible-417.mp3,https://nakedbiblepodcast.com/wp-content/uploads/2023/08/Naked-Bible-417.pdf,paul old testament messiahs daniel
416,"Paul's Use of the Old Testament Series: The Son of Man in Daniel 7",Heiser,MS,58:08,https://nakedbiblepodcast.com/wp-content/uploads/2023/08/Naked-Bible-416.mp3,https://nakedbiblepodcast.com/wp-content/uploads/2023/08/Naked-Bible-416.pdf,paul old testament son of man daniel
415,"Paul's Use of the Old Testament Series: The Messianic Story Part 3",Heiser,MS,1:03:28,https://nakedbiblepodcast.com/wp-content/uploads/2023/08/Naked-Bible-415.mp3,https://nakedbiblepodcast.com/wp-content/uploads/2023/08/Naked-Bible-415.pdf,paul old testament messianic story
414,"Paul's Use of the Old Testament Series: The Messianic Story Part 2",Heiser,MS,1:17:43,https://nakedbiblepodcast.com/wp-content/uploads/2023/08/Naked-Bible-414.mp3,https://nakedbiblepodcast.com/wp-content/uploads/2023/08/Naked-Bible-414.pdf,paul old testament messianic story
413,"Paul's Use of the Old Testament Series: The Messianic Story Part 1",Heiser,MS,1:18:57,https://nakedbiblepodcast.com/wp-content/uploads/2023/08/Naked-Bible-413.mp3,https://nakedbiblepodcast.com/wp-content/uploads/2023/08/Naked-Bible-413.pdf,paul old testament messianic story
412,"Paul's Use of the Old Testament Series: ""Messiah""",Heiser,MS,52:06,https://nakedbiblepodcast.com/wp-content/uploads/2023/08/Naked-Bible-412.mp3,https://nakedbiblepodcast.com/wp-content/uploads/2023/08/Naked-Bible-412.pdf,paul old testament messiah
411,"Paul's Use of the Old Testament Series: Introduction",Heiser,MS,54:14,https://nakedbiblepodcast.com/wp-content/uploads/2023/08/Naked-Bible-411.mp3,https://nakedbiblepodcast.com/wp-content/uploads/2023/08/Naked-Bible-411.pdf,paul old testament introduction
410,"Q&A 49",Heiser,MS,28:09,https://nakedbiblepodcast.com/wp-content/uploads/2023/08/Naked-Bible-410.mp3,https://nakedbiblepodcast.com/wp-content/uploads/2023/08/Naked-Bible-410.pdf,q&a
409,"Q&A 48",Heiser,MS,26:43,https://nakedbiblepodcast.com/wp-content/uploads/2023/08/Naked-Bible-409.mp3,https://nakedbiblepodcast.com/wp-content/uploads/2023/08/Naked-Bible-409.pdf,q&a
408,"Jesus and the Old Testament",Heiser,MS,1:01:33,https://nakedbiblepodcast.com/wp-content/uploads/2023/08/Naked-Bible-408.mp3,https://nakedbiblepodcast.com/wp-content/uploads/2023/08/Naked-Bible-408.pdf,jesus old testament
407,"Exodus Old and New",Heiser,MS,1:06:42,https://nakedbiblepodcast.com/wp-content/uploads/2023/08/Naked-Bible-407.mp3,https://nakedbiblepodcast.com/wp-content/uploads/2023/08/Naked-Bible-407.pdf,exodus old and new
406,"Year Ahead",Heiser,MS,45:44,https://nakedbiblepodcast.com/wp-content/uploads/2023/08/Naked-Bible-406.mp3,https://nakedbiblepodcast.com/wp-content/uploads/2023/08/Naked-Bible-406.pdf,year ahead
405,"Revelation Q&A Part 6",Heiser,MS,49:24,https://nakedbiblepodcast.com/wp-content/uploads/2023/08/Naked-Bible-405.mp3,https://nakedbiblepodcast.com/wp-content/uploads/2023/08/Naked-Bible-405.pdf,revelation q&a
404,"Revelation Q&A Part 5",Heiser,MS,51:48,https://nakedbiblepodcast.com/wp-content/uploads/2023/08/Naked-Bible-404.mp3,https://nakedbiblepodcast.com/wp-content/uploads/2023/08/Naked-Bible-404.pdf,revelation q&a
403,"Revelation Q&A Part 4",Heiser,MS,51:44,https://nakedbiblepodcast.com/wp-content/uploads/2023/08/Naked-Bible-403.mp3,https://nakedbiblepodcast.com/wp-content/uploads/2023/08/Naked-Bible-403.pdf,revelation q&a
402,"Revelation Q&A Part 3",Heiser,MS,58:38,https://nakedbiblepodcast.com/wp-content/uploads/2023/08/Naked-Bible-402.mp3,https://nakedbiblepodcast.com/wp-content/uploads/2023/08/Naked-Bible-402.pdf,revelation q&a
401,"Revelation Q&A Part 2",Heiser,MS,1:08:19,https://nakedbiblepodcast.com/wp-content/uploads/2023/08/Naked-Bible-401.mp3,https://nakedbiblepodcast.com/wp-content/uploads/2023/08/Naked-Bible-401.pdf,revelation q&a
400,"Revelation Q&A Part 1",Heiser,MS,1:06:12,https://nakedbiblepodcast.com/wp-content/uploads/2023/08/Naked-Bible-400.mp3,https://nakedbiblepodcast.com/wp-content/uploads/2023/08/Naked-Bible-400.pdf,revelation q&a
399,"Miracles Today",Heiser,MS,1:05:48,https://nakedbiblepodcast.com/wp-content/uploads/2023/08/Naked-Bible-399.mp3,https://nakedbiblepodcast.com/wp-content/uploads/2023/08/Naked-Bible-399.pdf,miracles today
398,"Beginner Guides to New Testament Studies",Heiser,MS,1:07:39,https://nakedbiblepodcast.com/wp-content/uploads/2023/08/Naked-Bible-398.mp3,https://nakedbiblepodcast.com/wp-content/uploads/2023/08/Naked-Bible-398.pdf,beginner guides new testament studies
397,"Revelation 21-22 Part 2",Heiser,MS,1:21:49,https://nakedbiblepodcast.com/wp-content/uploads/2023/08/Naked-Bible-397.mp3,https://nakedbiblepodcast.com/wp-content/uploads/2023/08/Naked-Bible-397.pdf,revelation
396,"Revelation 21-22 Part 1",Heiser,MS,1:23:29,https://nakedbiblepodcast.com/wp-content/uploads/2023/08/Naked-Bible-396.mp3,https://nakedbiblepodcast.com/wp-content/uploads/2023/08/Naked-Bible-396.pdf,revelation
395,"The New Perspective on Paul",Heiser,MS,54:10,https://nakedbiblepodcast.com/wp-content/uploads/2023/08/Naked-Bible-395.mp3,https://nakedbiblepodcast.com/wp-content/uploads/2023/08/Naked-Bible-395.pdf,new perspective paul
394,"Saved by Grace or Judged According to Works?",Heiser,MS,1:04:09,https://nakedbiblepodcast.com/wp-content/uploads/2023/08/Naked-Bible-394.mp3,https://nakedbiblepodcast.com/wp-content/uploads/2023/08/Naked-Bible-394.pdf,saved by grace judged works
393,"Revelation 20",Heiser,MS,1:02:10,https://nakedbiblepodcast.com/wp-content/uploads/2023/08/Naked-Bible-393.mp3,https://nakedbiblepodcast.com/wp-content/uploads/2023/08/Naked-Bible-393.pdf,revelation
392,"Revelation 19 Part 2",Heiser,MS,1:20:44,https://nakedbiblepodcast.com/wp-content/uploads/2023/08/Naked-Bible-392.mp3,https://nakedbiblepodcast.com/wp-content/uploads/2023/08/Naked-Bible-392.pdf,revelation
391,"Revelation 19 Part 1",Heiser,MS,53:58,https://nakedbiblepodcast.com/wp-content/uploads/2023/08/Naked-Bible-391.mp3,https://nakedbiblepodcast.com/wp-content/uploads/2023/08/Naked-Bible-391.pdf,revelation
390,"Revelation 17-18",Heiser,MS,1:05:37,https://nakedbiblepodcast.com/wp-content/uploads/2023/08/Naked-Bible-390.mp3,https://nakedbiblepodcast.com/wp-content/uploads/2023/08/Naked-Bible-390.pdf,revelation
389,"Revelation 15-16",Heiser,MS,1:01:09,https://nakedbiblepodcast.com/wp-content/uploads/2023/08/Naked-Bible-389.mp3,https://nakedbiblepodcast.com/wp-content/uploads/2023/08/Naked-Bible-389.pdf,revelation
388,"Evangelical Theology",Heiser,MS,1:05:02,https://nakedbiblepodcast.com/wp-content/uploads/2023/08/Naked-Bible-388.mp3,https://nakedbiblepodcast.com/wp-content/uploads/2023/08/Naked-Bible-388.pdf,evangelical theology
387,"Q&A 47",Heiser,MS,30:39,https://nakedbiblepodcast.com/wp-content/uploads/2023/08/Naked-Bible-387.mp3,https://nakedbiblepodcast.com/wp-content/uploads/2023/08/Naked-Bible-387.pdf,q&a
386,"Messiah Son of Joseph",Heiser,MS,59:53,https://nakedbiblepodcast.com/wp-content/uploads/2023/08/Naked-Bible-386.mp3,https://nakedbiblepodcast.com/wp-content/uploads/2023/08/Naked-Bible-386.pdf,messiah son of joseph
385,"The Psalms and Eschatology",Heiser,MS,48:35,https://nakedbiblepodcast.com/wp-content/uploads/2023/08/Naked-Bible-385.mp3,https://nakedbiblepodcast.com/wp-content/uploads/2023/08/Naked-Bible-385.pdf,psalms eschatology
384,"Revelation 14",Heiser,MS,1:01:53,https://nakedbiblepodcast.com/wp-content/uploads/2023/08/Naked-Bible-384.mp3,https://nakedbiblepodcast.com/wp-content/uploads/2023/08/Naked-Bible-384.pdf,revelation
383,"Revelation 13",Heiser,MS,1:14:04,https://nakedbiblepodcast.com/wp-content/uploads/2023/08/Naked-Bible-383.mp3,https://nakedbiblepodcast.com/wp-content/uploads/2023/08/Naked-Bible-383.pdf,revelation
382,"Revelation 12",Heiser,MS,1:01:35,https://nakedbiblepodcast.com/wp-content/uploads/2023/08/Naked-Bible-382.mp3,https://nakedbiblepodcast.com/wp-content/uploads/2023/08/Naked-Bible-382.pdf,revelation
381,"Revelation 11",Heiser,MS,1:08:55,https://nakedbiblepodcast.com/wp-content/uploads/2023/08/Naked-Bible-381.mp3,https://nakedbiblepodcast.com/wp-content/uploads/2023/08/Naked-Bible-381.pdf,revelation
380,"Q&A 46",Heiser,MS,50:52,https://nakedbiblepodcast.com/wp-content/uploads/2023/08/Naked-Bible-380.mp3,https://nakedbiblepodcast.com/wp-content/uploads/2023/08/Naked-Bible-380.pdf,q&a
379,"The Bedrock of Christianity",Heiser,MS,1:09:04,https://nakedbiblepodcast.com/wp-content/uploads/2023/08/Naked-Bible-379.mp3,https://nakedbiblepodcast.com/wp-content/uploads/2023/08/Naked-Bible-379.pdf,bedrock of christianity
378,"Revelation 10",Heiser,MS,56:58,https://nakedbiblepodcast.com/wp-content/uploads/2023/08/Naked-Bible-378.mp3,https://nakedbiblepodcast.com/wp-content/uploads/2023/08/Naked-Bible-378.pdf,revelation
377,"Revelation 9",Heiser,MS,1:09:27,https://nakedbiblepodcast.com/wp-content/uploads/2023/08/Naked-Bible-377.mp3,https://nakedbiblepodcast.com/wp-content/uploads/2023/08/Naked-Bible-377.pdf,revelation
376,"Revelation 8:7-13",Heiser,MS,55:04,https://nakedbiblepodcast.com/wp-content/uploads/2023/08/Naked-Bible-376.mp3,https://nakedbiblepodcast.com/wp-content/uploads/2023/08/Naked-Bible-376.pdf,revelation
375,"Revelation 8:1-6",Heiser,MS,47:20,https://nakedbiblepodcast.com/wp-content/uploads/2023/08/Naked-Bible-375.mp3,https://nakedbiblepodcast.com/wp-content/uploads/2023/08/Naked-Bible-375.pdf,revelation
374,"Q&A 45",Heiser,MS,29:55,https://nakedbiblepodcast.com/wp-content/uploads/2023/08/Naked-Bible-374.mp3,https://nakedbiblepodcast.com/wp-content/uploads/2023/08/Naked-Bible-374.pdf,q&a
373,"Revelation 7 Part 2",Heiser,MS,1:04:48,https://nakedbiblepodcast.com/wp-content/uploads/2023/08/Naked-Bible-373.mp3,https://nakedbiblepodcast.com/wp-content/uploads/2023/08/Naked-Bible-373.pdf,revelation
372,"Revelation 7 Part 1",Heiser,MS,1:07:34,https://nakedbiblepodcast.com/wp-content/uploads/2023/08/Naked-Bible-372.mp3,https://nakedbiblepodcast.com/wp-content/uploads/2023/08/Naked-Bible-372.pdf,revelation
371,"Reading Moses, Seeing Jesus",Heiser,MS,1:06:41,https://nakedbiblepodcast.com/wp-content/uploads/2023/08/Naked-Bible-371.mp3,https://nakedbiblepodcast.com/wp-content/uploads/2023/08/Naked-Bible-371.pdf,reading moses seeing jesus
370,"Revelation 6",Heiser,MS,59:36,https://nakedbiblepodcast.com/wp-content/uploads/2023/08/Naked-Bible-370.mp3,https://nakedbiblepodcast.com/wp-content/uploads/2023/08/Naked-Bible-370.pdf,revelation
369,"Revelation 5",Heiser,MS,1:08:07,https://nakedbiblepodcast.com/wp-content/uploads/2023/08/Naked-Bible-369.mp3,https://nakedbiblepodcast.com/wp-content/uploads/2023/08/Naked-Bible-369.pdf,revelation
368,"Revelation 4 Part 3",Heiser,MS,59:19,https://nakedbiblepodcast.com/wp-content/uploads/2023/08/Naked-Bible-368.mp3,https://nakedbiblepodcast.com/wp-content/uploads/2023/08/Naked-Bible-368.pdf,revelation
367,"Revelation 4 Part 2",Heiser,MS,1:00:26,https://nakedbiblepodcast.com/wp-content/uploads/2023/08/Naked-Bible-367.mp3,https://nakedbiblepodcast.com/wp-content/uploads/2023/08/Naked-Bible-367.pdf,revelation
366,"Revelation 4 Part 1",Heiser,MS,53:41,https://nakedbiblepodcast.com/wp-content/uploads/2023/08/Naked-Bible-366.mp3,https://nakedbiblepodcast.com/wp-content/uploads/2023/08/Naked-Bible-366.pdf,revelation
365,"Q&A 44",Heiser,MS,46:12,https://nakedbiblepodcast.com/wp-content/uploads/2023/08/Naked-Bible-365.mp3,https://nakedbiblepodcast.com/wp-content/uploads/2023/08/Naked-Bible-365.pdf,q&a
364,"EEM.org & DiscoveringMErcy.org",Heiser,MS,1:14:31,https://nakedbiblepodcast.com/wp-content/uploads/2023/08/Naked-Bible-364.mp3,https://nakedbiblepodcast.com/wp-content/uploads/2023/08/Naked-Bible-364.pdf,eem discoveringmercy
363,"Revelation 3 Part 2",Heiser,MS,1:02:40,https://nakedbiblepodcast.com/wp-content/uploads/2023/08/Naked-Bible-363.mp3,https://nakedbiblepodcast.com/wp-content/uploads/2023/08/Naked-Bible-363.pdf,revelation
362,"Revelation 3 Part 1",Heiser,MS,1:04:27,https://nakedbiblepodcast.com/wp-content/uploads/2023/08/Naked-Bible-362.mp3,https://nakedbiblepodcast.com/wp-content/uploads/2023/08/Naked-Bible-362.pdf,revelation
361,"Revelation 2:8-29",Heiser,MS,58:09,https://nakedbiblepodcast.com/wp-content/uploads/2023/08/Naked-Bible-361.mp3,https://nakedbiblepodcast.com/wp-content/uploads/2023/08/Naked-Bible-361.pdf,revelation
360,"Revelation 2:1-7",Heiser,MS,1:04:23,https://nakedbiblepodcast.com/wp-content/uploads/2023/08/Naked-Bible-360.mp3,https://nakedbiblepodcast.com/wp-content/uploads/2023/08/Naked-Bible-360.pdf,revelation
359,"The Myth Made Fact",Heiser,MS,1:24:44,https://nakedbiblepodcast.com/wp-content/uploads/2023/08/Naked-Bible-359.mp3,https://nakedbiblepodcast.com/wp-content/uploads/2023/08/Naked-Bible-359.pdf,myth made fact
358,"Q&A 43",Heiser,MS,35:56,https://nakedbiblepodcast.com/wp-content/uploads/2023/08/Naked-Bible-358.mp3,https://nakedbiblepodcast.com/wp-content/uploads/2023/08/Naked-Bible-358.pdf,q&a
357,"The Genealogical Adam and Eve Part 2",Heiser,MS,1:24:06,https://nakedbiblepodcast.com/wp-content/uploads/2023/08/Naked-Bible-357.mp3,https://nakedbiblepodcast.com/wp-content/uploads/2023/08/Naked-Bible-357.pdf,genealogical adam eve
356,"The Genealogical Adam and Eve Part 1",Heiser,MS,58:03,https://nakedbiblepodcast.com/wp-content/uploads/2023/08/Naked-Bible-356.mp3,https://nakedbiblepodcast.com/wp-content/uploads/2023/08/Naked-Bible-356.pdf,genealogical adam eve
355,"Revelation 1:7-20",Heiser,MS,1:12:08,https://nakedbiblepodcast.com/wp-content/uploads/2023/08/Naked-Bible-355.mp3,https://nakedbiblepodcast.com/wp-content/uploads/2023/08/Naked-Bible-355.pdf,revelation
354,"Revelation 1:4-6",Heiser,MS,1:03:51,https://nakedbiblepodcast.com/wp-content/uploads/2023/08/Naked-Bible-354.mp3,https://nakedbiblepodcast.com/wp-content/uploads/2023/08/Naked-Bible-354.pdf,revelation
353,"Revelation 1:4",Heiser,MS,43:35,https://nakedbiblepodcast.com/wp-content/uploads/2023/08/Naked-Bible-353.mp3,https://nakedbiblepodcast.com/wp-content/uploads/2023/08/Naked-Bible-353.pdf,revelation
352,"Introducing The Old Testament in the Book of Revelation",Heiser,MS,1:05:08,https://nakedbiblepodcast.com/wp-content/uploads/2023/08/Naked-Bible-352.mp3,https://nakedbiblepodcast.com/wp-content/uploads/2023/08/Naked-Bible-352.pdf,old testament revelation
351,"The Good News of the Return of the King",Heiser,MS,1:16:35,https://nakedbiblepodcast.com/wp-content/uploads/2023/08/Naked-Bible-351.mp3,https://nakedbiblepodcast.com/wp-content/uploads/2023/08/Naked-Bible-351.pdf,good news return king
350,"Loving Loyalty and Believing Loyalty",Heiser,MS,51:43,https://nakedbiblepodcast.com/wp-content/uploads/2023/08/Naked-Bible-350.mp3,https://nakedbiblepodcast.com/wp-content/uploads/2023/08/Naked-Bible-350.pdf,loving loyalty believing loyalty
349,"Q&A 42",Heiser,MS,45:05,https://nakedbiblepodcast.com/wp-content/uploads/2023/08/Naked-Bible-349.mp3,https://nakedbiblepodcast.com/wp-content/uploads/2023/08/Naked-Bible-349.pdf,q&a
348,"A Relevance Theory Approach",Heiser,MS,1:14:57,https://nakedbiblepodcast.com/wp-content/uploads/2023/08/Naked-Bible-348.mp3,https://nakedbiblepodcast.com/wp-content/uploads/2023/08/Naked-Bible-348.pdf,relevance theory approach
347,"Jonah and the Chaos Dragon",Heiser,MS,1:06:56,https://nakedbiblepodcast.com/wp-content/uploads/2023/08/Naked-Bible-347.mp3,https://nakedbiblepodcast.com/wp-content/uploads/2023/08/Naked-Bible-347.pdf,jonah chaos dragon
346,"The Old Testament and Luke 1",Heiser,MS,1:08:09,https://nakedbiblepodcast.com/wp-content/uploads/2023/08/Naked-Bible-346.mp3,https://nakedbiblepodcast.com/wp-content/uploads/2023/08/Naked-Bible-346.pdf,old testament luke
345,"The Vine and the Branches",Heiser,MS,51:17,https://nakedbiblepodcast.com/wp-content/uploads/2023/08/Naked-Bible-345.mp3,https://nakedbiblepodcast.com/wp-content/uploads/2023/08/Naked-Bible-345.pdf,vine branches
344,"Gentiles in the Psalms",Heiser,MS,54:53,https://nakedbiblepodcast.com/wp-content/uploads/2023/08/Naked-Bible-344.mp3,https://nakedbiblepodcast.com/wp-content/uploads/2023/08/Naked-Bible-344.pdf,gentiles psalms
343,"Q&A 41",Heiser,MS,42:41,https://nakedbiblepodcast.com/wp-content/uploads/2023/08/Naked-Bible-343.mp3,https://nakedbiblepodcast.com/wp-content/uploads/2023/08/Naked-Bible-343.pdf,q&a
342,"Ezekiel's Dry Bones and the Gospel of John",Heiser,MS,1:07:25,https://nakedbiblepodcast.com/wp-content/uploads/2023/08/Naked-Bible-342.mp3,https://nakedbiblepodcast.com/wp-content/uploads/2023/08/Naked-Bible-342.pdf,ezekiel dry bones john
341,"The Book of Ezekiel in John 10",Heiser,MS,1:07:10,https://nakedbiblepodcast.com/wp-content/uploads/2023/08/Naked-Bible-341.mp3,https://nakedbiblepodcast.com/wp-content/uploads/2023/08/Naked-Bible-341.pdf,ezekiel john
340,"The Cloud of Witnesses in Hebrews 12",Heiser,MS,59:09,https://nakedbiblepodcast.com/wp-content/uploads/2023/08/Naked-Bible-340.mp3,https://nakedbiblepodcast.com/wp-content/uploads/2023/08/Naked-Bible-340.pdf,cloud witnesses hebrews
339,"Exodus in the Gospel of Matthew",Heiser,MS,43:45,https://nakedbiblepodcast.com/wp-content/uploads/2023/08/Naked-Bible-339.mp3,https://nakedbiblepodcast.com/wp-content/uploads/2023/08/Naked-Bible-339.pdf,exodus matthew
338,"Conversation Series Part 5",Heiser,MS,1:00:38,https://nakedbiblepodcast.com/wp-content/uploads/2023/08/Naked-Bible-338.mp3,https://nakedbiblepodcast.com/wp-content/uploads/2023/08/Naked-Bible-338.pdf,conversation series
337,"Q&A 40",Heiser,MS,44:32,https://nakedbiblepodcast.com/wp-content/uploads/2023/08/Naked-Bible-337.mp3,https://nakedbiblepodcast.com/wp-content/uploads/2023/08/Naked-Bible-337.pdf,q&a
336,"Begotten by the Spirit",Heiser,MS,1:05:48,https://nakedbiblepodcast.com/wp-content/uploads/2023/08/Naked-Bible-336.mp3,https://nakedbiblepodcast.com/wp-content/uploads/2023/08/Naked-Bible-336.pdf,begotten spirit
335,"Jesus as the Gardener",Heiser,MS,1:01:01,https://nakedbiblepodcast.com/wp-content/uploads/2023/08/Naked-Bible-335.mp3,https://nakedbiblepodcast.com/wp-content/uploads/2023/08/Naked-Bible-335.pdf,jesus gardener
334,"Paradise Lost",Heiser,MS,1:26:20,https://nakedbiblepodcast.com/wp-content/uploads/2023/08/Naked-Bible-334.mp3,https://nakedbiblepodcast.com/wp-content/uploads/2023/08/Naked-Bible-334.pdf,paradise lost
333,"The Israelite King and Jesus as King",Heiser,MS,1:02:27,https://nakedbiblepodcast.com/wp-content/uploads/2023/08/Naked-Bible-333.mp3,https://nakedbiblepodcast.com/wp-content/uploads/2023/08/Naked-Bible-333.pdf,israelite king jesus
332,"Conversation Series Part 4",Heiser,MS,1:04:35,https://nakedbiblepodcast.com/wp-content/uploads/2023/08/Naked-Bible-332.mp3,https://nakedbiblepodcast.com/wp-content/uploads/2023/08/Naked-Bible-332.pdf,conversation series
331,"Q&A 39",Heiser,MS,41:12,https://nakedbiblepodcast.com/wp-content/uploads/2023/08/Naked-Bible-331.mp3,https://nakedbiblepodcast.com/wp-content/uploads/2023/08/Naked-Bible-331.pdf,q&a
330,"The Exodus and John 3:5",Heiser,MS,1:07:06,https://nakedbiblepodcast.com/wp-content/uploads/2023/08/Naked-Bible-330.mp3,https://nakedbiblepodcast.com/wp-content/uploads/2023/08/Naked-Bible-330.pdf,exodus john
329,"Binding and Loosing",Heiser,MS,1:04:22,https://nakedbiblepodcast.com/wp-content/uploads/2023/08/Naked-Bible-329.mp3,https://nakedbiblepodcast.com/wp-content/uploads/2023/08/Naked-Bible-329.pdf,binding loosing
328,"Jesus and the Honeycomb",Heiser,MS,1:13:50,https://nakedbiblepodcast.com/wp-content/uploads/2023/08/Naked-Bible-328.mp3,https://nakedbiblepodcast.com/wp-content/uploads/2023/08/Naked-Bible-328.pdf,jesus honeycomb
327,"The Old Testament Afterlife and the Psalms of Korah",Heiser,MS,53:47,https://nakedbiblepodcast.com/wp-content/uploads/2023/08/Naked-Bible-327.mp3,https://nakedbiblepodcast.com/wp-content/uploads/2023/08/Naked-Bible-327.pdf,old testament afterlife psalms korah
326,"Conversation Series Part 3",Heiser,MS,58:01,https://nakedbiblepodcast.com/wp-content/uploads/2023/08/Naked-Bible-326.mp3,https://nakedbiblepodcast.com/wp-content/uploads/2023/08/Naked-Bible-326.pdf,conversation series
325,"Q&A 38",Heiser,MS,44:45,https://nakedbiblepodcast.com/wp-content/uploads/2023/08/Naked-Bible-325.mp3,https://nakedbiblepodcast.com/wp-content/uploads/2023/08/Naked-Bible-325.pdf,q&a
324,"Psalm 91 and Demons",Heiser,MS,1:20:28,https://nakedbiblepodcast.com/wp-content/uploads/2023/08/Naked-Bible-324.mp3,https://nakedbiblepodcast.com/wp-content/uploads/2023/08/Naked-Bible-324.pdf,psalm 91 demons
323,"Dr. Ben Witherington III",Heiser,MS,1:24:55,https://nakedbiblepodcast.com/wp-content/uploads/2023/08/Naked-Bible-323.mp3,https://nakedbiblepodcast.com/wp-content/uploads/2023/08/Naked-Bible-323.pdf,ben witherington
322,"Dr. Louis Markos",Heiser,MS,1:41:19,https://nakedbiblepodcast.com/wp-content/uploads/2023/08/Naked-Bible-322.mp3,https://nakedbiblepodcast.com/wp-content/uploads/2023/08/Naked-Bible-322.pdf,louis markos
321,"Q&A 37",Heiser,MS,49:58,https://nakedbiblepodcast.com/wp-content/uploads/2023/08/Naked-Bible-321.mp3,https://nakedbiblepodcast.com/wp-content/uploads/2023/08/Naked-Bible-321.pdf,q&a
320,"Conversation Series Part 2",Heiser,MS,52:02,https://nakedbiblepodcast.com/wp-content/uploads/2023/08/Naked-Bible-320.mp3,https://nakedbiblepodcast.com/wp-content/uploads/2023/08/Naked-Bible-320.pdf,conversation series
319,"Conversation Series Part 1",Heiser,MS,1:04:54,https://nakedbiblepodcast.com/wp-content/uploads/2023/08/Naked-Bible-319.mp3,https://nakedbiblepodcast.com/wp-content/uploads/2023/08/Naked-Bible-319.pdf,conversation series
318,"Divorce and Remarriage in the New Testament",Heiser,MS,54:30,https://nakedbiblepodcast.com/wp-content/uploads/2023/08/Naked-Bible-318.mp3,https://nakedbiblepodcast.com/wp-content/uploads/2023/08/Naked-Bible-318.pdf,divorce remarriage new testament
317,"Humanitarian Disaster Institute",Heiser,MS,51:52,https://nakedbiblepodcast.com/wp-content/uploads/2023/08/Naked-Bible-317.mp3,https://nakedbiblepodcast.com/wp-content/uploads/2023/08/Naked-Bible-317.pdf,humanitarian disaster institute
316,"Divorce and Remarriage in the Old Testament",Heiser,MS,1:01:57,https://nakedbiblepodcast.com/wp-content/uploads/2023/08/Naked-Bible-316.mp3,https://nakedbiblepodcast.com/wp-content/uploads/2023/08/Naked-Bible-316.pdf,divorce remarriage old testament
315,"Exodus Q&A Part 4",Heiser,MS,49:14,https://nakedbiblepodcast.com/wp-content/uploads/2023/08/Naked-Bible-315.mp3,https://nakedbiblepodcast.com/wp-content/uploads/2023/08/Naked-Bible-315.pdf,exodus q&a
314,"Exodus Q&A Part 3",Heiser,MS,52:18,https://nakedbiblepodcast.com/wp-content/uploads/2023/08/Naked-Bible-314.mp3,https://nakedbiblepodcast.com/wp-content/uploads/2023/08/Naked-Bible-314.pdf,exodus q&a
313,"Exodus Q&A Part 2",Heiser,MS,55:49,https://nakedbiblepodcast.com/wp-content/uploads/2023/08/Naked-Bible-313.mp3,https://nakedbiblepodcast.com/wp-content/uploads/2023/08/Naked-Bible-313.pdf,exodus q&a
312,"Exodus Q&A Part 1",Heiser,MS,54:59,https://nakedbiblepodcast.com/wp-content/uploads/2023/08/Naked-Bible-312.mp3,https://nakedbiblepodcast.com/wp-content/uploads/2023/08/Naked-Bible-312.pdf,exodus q&a
311,"Exodus 35-40",Heiser,MS,51:36,https://nakedbiblepodcast.com/wp-content/uploads/2023/08/Naked-Bible-311.mp3,https://nakedbiblepodcast.com/wp-content/uploads/2023/08/Naked-Bible-311.pdf,exodus
310,"Exodus 33-34",Heiser,MS,1:14:37,https://nakedbiblepodcast.com/wp-content/uploads/2023/08/Naked-Bible-310.mp3,https://nakedbiblepodcast.com/wp-content/uploads/2023/08/Naked-Bible-310.pdf,exodus
309,"Exodus 32-33",Heiser,MS,1:06:30,https://nakedbiblepodcast.com/wp-content/uploads/2023/08/Naked-Bible-309.mp3,https://nakedbiblepodcast.com/wp-content/uploads/2023/08/Naked-Bible-309.pdf,exodus
308,"Exodus 32",Heiser,MS,1:11:59,https://nakedbiblepodcast.com/wp-content/uploads/2023/08/Naked-Bible-308.mp3,https://nakedbiblepodcast.com/wp-content/uploads/2023/08/Naked-Bible-308.pdf,exodus
307,"Exodus 30-31",Heiser,MS,59:28,https://nakedbiblepodcast.com/wp-content/uploads/2023/08/Naked-Bible-307.mp3,https://nakedbiblepodcast.com/wp-content/uploads/2023/08/Naked-Bible-307.pdf,exodus
306,"Exodus 28-29",Heiser,MS,1:08:57,https://nakedbiblepodcast.com/wp-content/uploads/2023/08/Naked-Bible-306.mp3,https://nakedbiblepodcast.com/wp-content/uploads/2023/08/Naked-Bible-306.pdf,exodus
305,"EEM.org",Heiser,MS,54:41,https://nakedbiblepodcast.com/wp-content/uploads/2023/08/Naked-Bible-305.mp3,https://nakedbiblepodcast.com/wp-content/uploads/2023/08/Naked-Bible-305.pdf,eem
304,"Exodus 26-27 Part 2",Heiser,MS,1:01:26,https://nakedbiblepodcast.com/wp-content/uploads/2023/08/Naked-Bible-304.mp3,https://nakedbiblepodcast.com/wp-content/uploads/2023/08/Naked-Bible-304.pdf,exodus
303,"Exodus 26-27 Part 1",Heiser,MS,56:39,https://nakedbiblepodcast.com/wp-content/uploads/2023/08/Naked-Bible-303.mp3,https://nakedbiblepodcast.com/wp-content/uploads/2023/08/Naked-Bible-303.pdf,exodus
302,"Bearing God's Name",Heiser,MS,1:14:17,https://nakedbiblepodcast.com/wp-content/uploads/2023/08/Naked-Bible-302.mp3,https://nakedbiblepodcast.com/wp-content/uploads/2023/08/Naked-Bible-302.pdf,bearing god name
301,"Q&A 36 Part 2",Heiser,MS,1:05:37,https://nakedbiblepodcast.com/wp-content/uploads/2023/08/Naked-Bible-301.mp3,https://nakedbiblepodcast.com/wp-content/uploads/2023/08/Naked-Bible-301.pdf,q&a
300,"Q&A 36 Part 1",Heiser,MS,1:05:23,https://nakedbiblepodcast.com/wp-content/uploads/2023/08/Naked-Bible-300.mp3,https://nakedbiblepodcast.com/wp-content/uploads/2023/08/Naked-Bible-300.pdf,q&a
299,"ETS/SBL Conferences",Heiser,MS,32:18,https://nakedbiblepodcast.com/wp-content/uploads/2023/08/Naked-Bible-299.mp3,https://nakedbiblepodcast.com/wp-content/uploads/2023/08/Naked-Bible-299.pdf,ets sbl conferences
298,"Exodus 25 Part 3",Heiser,MS,1:11:01,https://nakedbiblepodcast.com/wp-content/uploads/2023/08/Naked-Bible-298.mp3,https://nakedbiblepodcast.com/wp-content/uploads/2023/08/Naked-Bible-298.pdf,exodus
297,"Exodus 25 Part 2",Heiser,MS,58:57,https://nakedbiblepodcast.com/wp-content/uploads/2023/08/Naked-Bible-297.mp3,https://nakedbiblepodcast.com/wp-content/uploads/2023/08/Naked-Bible-297.pdf,exodus
296,"Exodus 25 Part 1",Heiser,MS,46:07,https://nakedbiblepodcast.com/wp-content/uploads/2023/08/Naked-Bible-296.mp3,https://nakedbiblepodcast.com/wp-content/uploads/2023/08/Naked-Bible-296.pdf,exodus
295,"Exodus 24 Part 2",Heiser,MS,52:01,https://nakedbiblepodcast.com/wp-content/uploads/2023/08/Naked-Bible-295.mp3,https://nakedbiblepodcast.com/wp-content/uploads/2023/08/Naked-Bible-295.pdf,exodus
294,"Exodus 24 Part 1",Heiser,MS,45:32,https://nakedbiblepodcast.com/wp-content/uploads/2023/08/Naked-Bible-294.mp3,https://nakedbiblepodcast.com/wp-content/uploads/2023/08/Naked-Bible-294.pdf,exodus
293,"Exodus 23:20-33",Heiser,MS,1:05:37,https://nakedbiblepodcast.com/wp-content/uploads/2023/08/Naked-Bible-293.mp3,https://nakedbiblepodcast.com/wp-content/uploads/2023/08/Naked-Bible-293.pdf,exodus
292,"Q&A 35",Heiser,MS,45:42,https://nakedbiblepodcast.com/wp-content/uploads/2023/08/Naked-Bible-292.mp3,https://nakedbiblepodcast.com/wp-content/uploads/2023/08/Naked-Bible-292.pdf,q&a
291,"Exodus 21-23 Part 2",Heiser,MS,1:11:38,https://nakedbiblepodcast.com/wp-content/uploads/2023/08/Naked-Bible-291.mp3,https://nakedbiblepodcast.com/wp-content/uploads/2023/08/Naked-Bible-291.pdf,exodus
290,"Exodus 21-23 Part 1",Heiser,MS,1:12:10,https://nakedbiblepodcast.com/wp-content/uploads/2023/08/Naked-Bible-290.mp3,https://nakedbiblepodcast.com/wp-content/uploads/2023/08/Naked-Bible-290.pdf,exodus
289,"Exodus 20 Part 3",Heiser,MS,1:19:51,https://nakedbiblepodcast.com/wp-content/uploads/2023/08/Naked-Bible-289.mp3,https://nakedbiblepodcast.com/wp-content/uploads/2023/08/Naked-Bible-289.pdf,exodus
288,"Exodus 20 Part 2",Heiser,MS,1:19:03,https://nakedbiblepodcast.com/wp-content/uploads/2023/08/Naked-Bible-288.mp3,https://nakedbiblepodcast.com/wp-content/uploads/2023/08/Naked-Bible-288.pdf,exodus
287,"Exodus 20 Part 1",Heiser,MS,54:20,https://nakedbiblepodcast.com/wp-content/uploads/2023/08/Naked-Bible-287.mp3,https://nakedbiblepodcast.com/wp-content/uploads/2023/08/Naked-Bible-287.pdf,exodus
286,"Exodus 19",Heiser,MS,54:53,https://nakedbiblepodcast.com/wp-content/uploads/2023/08/Naked-Bible-286.mp3,https://nakedbiblepodcast.com/wp-content/uploads/2023/08/Naked-Bible-286.pdf,exodus
285,"Evil and Satan",Heiser,MS,1:12:22,https://nakedbiblepodcast.com/wp-content/uploads/2023/08/Naked-Bible-285.mp3,https://nakedbiblepodcast.com/wp-content/uploads/2023/08/Naked-Bible-285.pdf,evil satan
284,"Exodus 18",Heiser,MS,1:03:45,https://nakedbiblepodcast.com/wp-content/uploads/2023/08/Naked-Bible-284.mp3,https://nakedbiblepodcast.com/wp-content/uploads/2023/08/Naked-Bible-284.pdf,exodus
283,"Exodus 17 Part 2",Heiser,MS,1:21:07,https://nakedbiblepodcast.com/wp-content/uploads/2023/08/Naked-Bible-283.mp3,https://nakedbiblepodcast.com/wp-content/uploads/2023/08/Naked-Bible-283.pdf,exodus
282,"Exodus 17 Part 1",Heiser,MS,1:03:12,https://nakedbiblepodcast.com/wp-content/uploads/2023/08/Naked-Bible-282.mp3,https://nakedbiblepodcast.com/wp-content/uploads/2023/08/Naked-Bible-282.pdf,exodus
281,"Exodus 16",Heiser,MS,1:10:21,https://nakedbiblepodcast.com/wp-content/uploads/2023/08/Naked-Bible-281.mp3,https://nakedbiblepodcast.com/wp-content/uploads/2023/08/Naked-Bible-281.pdf,exodus
280,"Exodus 15 Part 2",Heiser,MS,1:16:31,https://nakedbiblepodcast.com/wp-content/uploads/2023/08/Naked-Bible-280.mp3,https://nakedbiblepodcast.com/wp-content/uploads/2023/08/Naked-Bible-280.pdf,exodus
279,"Stovall Weems",Heiser,MS,1:14:13,https://nakedbiblepodcast.com/wp-content/uploads/2023/08/Naked-Bible-279.mp3,https://nakedbiblepodcast.com/wp-content/uploads/2023/08/Naked-Bible-279.pdf,stovall weems
278,"Exodus 15 Part 1",Heiser,MS,1:15:06,https://nakedbiblepodcast.com/wp-content/uploads/2023/08/Naked-Bible-278.mp3,https://nakedbiblepodcast.com/wp-content/uploads/2023/08/Naked-Bible-278.pdf,exodus
277,"Exodus 14 Part 2",Heiser,MS,48:01,https://nakedbiblepodcast.com/wp-content/uploads/2023/08/Naked-Bible-277.mp3,https://nakedbiblepodcast.com/wp-content/uploads/2023/08/Naked-Bible-277.pdf,exodus
276,"Exodus 14 Part 1",Heiser,MS,1:00:30,https://nakedbiblepodcast.com/wp-content/uploads/2023/08/Naked-Bible-276.mp3,https://nakedbiblepodcast.com/wp-content/uploads/2023/08/Naked-Bible-276.pdf,exodus
275,"Exodus 13",Heiser,MS,1:13:47,https://nakedbiblepodcast.com/wp-content/uploads/2023/08/Naked-Bible-275.mp3,https://nakedbiblepodcast.com/wp-content/uploads/2023/08/Naked-Bible-275.pdf,exodus
274,"Q&A 34",Heiser,MS,55:54,https://nakedbiblepodcast.com/wp-content/uploads/2023/08/Naked-Bible-274.mp3,https://nakedbiblepodcast.com/wp-content/uploads/2023/08/Naked-Bible-274.pdf,q&a
273,"Exodus 12 Part 2b",Heiser,MS,48:27,https://nakedbiblepodcast.com/wp-content/uploads/2023/08/Naked-Bible-273.mp3,https://nakedbiblepodcast.com/wp-content/uploads/2023/08/Naked-Bible-273.pdf,exodus
272,"Exodus 12 Part 2a",Heiser,MS,45:53,https://nakedbiblepodcast.com/wp-content/uploads/2023/08/Naked-Bible-272.mp3,https://nakedbiblepodcast.com/wp-content/uploads/2023/08/Naked-Bible-272.pdf,exodus
271,"Exodus 12 Part 1",Heiser,MS,1:14:35,https://nakedbiblepodcast.com/wp-content/uploads/2023/08/Naked-Bible-271.mp3,https://nakedbiblepodcast.com/wp-content/uploads/2023/08/Naked-Bible-271.pdf,exodus
270,"Exodus 11-12",Heiser,MS,1:08:29,https://nakedbiblepodcast.com/wp-content/uploads/2023/08/Naked-Bible-270.mp3,https://nakedbiblepodcast.com/wp-content/uploads/2023/08/Naked-Bible-270.pdf,exodus
269,"Exodus 8-10",Heiser,MS,1:02:13,https://nakedbiblepodcast.com/wp-content/uploads/2023/08/Naked-Bible-269.mp3,https://nakedbiblepodcast.com/wp-content/uploads/2023/08/Naked-Bible-269.pdf,exodus
268,"Exodus 7:14-25",Heiser,MS,54:20,https://nakedbiblepodcast.com/wp-content/uploads/2023/08/Naked-Bible-268.mp3,https://nakedbiblepodcast.com/wp-content/uploads/2023/08/Naked-Bible-268.pdf,exodus
267,"Exodus 7:1-13",Heiser,MS,1:14:48,https://nakedbiblepodcast.com/wp-content/uploads/2023/08/Naked-Bible-267.mp3,https://nakedbiblepodcast.com/wp-content/uploads/2023/08/Naked-Bible-267.pdf,exodus
266,"Exodus 5-6",Heiser,MS,1:03:50,https://nakedbiblepodcast.com/wp-content/uploads/2023/08/Naked-Bible-266.mp3,https://nakedbiblepodcast.com/wp-content/uploads/2023/08/Naked-Bible-266.pdf,exodus
265,"Exodus 4:18-31",Heiser,MS,1:11:29,https://nakedbiblepodcast.com/wp-content/uploads/2023/08/Naked-Bible-265.mp3,https://nakedbiblepodcast.com/wp-content/uploads/2023/08/Naked-Bible-265.pdf,exodus
264,"Exodus 4:1-17",Heiser,MS,43:12,https://nakedbiblepodcast.com/wp-content/uploads/2023/08/Naked-Bible-264.mp3,https://nakedbiblepodcast.com/wp-content/uploads/2023/08/Naked-Bible-264.pdf,exodus
263,"Exodus 3 Part 3",Heiser,MS,1:09:46,https://nakedbiblepodcast.com/wp-content/uploads/2023/08/Naked-Bible-263.mp3,https://nakedbiblepodcast.com/wp-content/uploads/2023/08/Naked-Bible-263.pdf,exodus
262,"Exodus 3 Part 2b",Heiser,MS,42:50,https://nakedbiblepodcast.com/wp-content/uploads/2023/08/Naked-Bible-262.mp3,https://nakedbiblepodcast.com/wp-content/uploads/2023/08/Naked-Bible-262.pdf,exodus
261,"Exodus 3 Part 2a",Heiser,MS,56:47,https://nakedbiblepodcast.com/wp-content/uploads/2023/08/Naked-Bible-261.mp3,https://nakedbiblepodcast.com/wp-content/uploads/2023/08/Naked-Bible-261.pdf,exodus
260,"Exodus 3 Part 1",Heiser,MS,1:13:06,https://nakedbiblepodcast.com/wp-content/uploads/2023/08/Naked-Bible-260.mp3,https://nakedbiblepodcast.com/wp-content/uploads/2023/08/Naked-Bible-260.pdf,exodus
259,"Exodus 2:11-25",Heiser,MS,1:02:20,https://nakedbiblepodcast.com/wp-content/uploads/2023/08/Naked-Bible-259.mp3,https://nakedbiblepodcast.com/wp-content/uploads/2023/08/Naked-Bible-259.pdf,exodus
258,"The Bible Project",Heiser,MS,1:04:13,https://nakedbiblepodcast.com/wp-content/uploads/2023/08/Naked-Bible-258.mp3,https://nakedbiblepodcast.com/wp-content/uploads/2023/08/Naked-Bible-258.pdf,bible project
257,"Exodus 2:1-10",Heiser,MS,1:09:41,https://nakedbiblepodcast.com/wp-content/uploads/2023/08/Naked-Bible-257.mp3,https://nakedbiblepodcast.com/wp-content/uploads/2023/08/Naked-Bible-257.pdf,exodus
256,"Exodus 1 Part 2",Heiser,MS,57:35,https://nakedbiblepodcast.com/wp-content/uploads/2023/08/Naked-Bible-256.mp3,https://nakedbiblepodcast.com/wp-content/uploads/2023/08/Naked-Bible-256.pdf,exodus
255,"Exodus 1 Part 1",Heiser,MS,1:11:25,https://nakedbiblepodcast.com/wp-content/uploads/2023/08/Naked-Bible-255.mp3,https://nakedbiblepodcast.com/wp-content/uploads/2023/08/Naked-Bible-255.pdf,exodus
254,"Introducing the Book of Exodus",Heiser,MS,1:05:46,https://nakedbiblepodcast.com/wp-content/uploads/2023/08/Naked-Bible-254.mp3,https://nakedbiblepodcast.com/wp-content/uploads/2023/08/Naked-Bible-254.pdf,introducing exodus
253,"The Persecuted Church in Nepal",Heiser,MS,50:26,https://nakedbiblepodcast.com/wp-content/uploads/2023/08/Naked-Bible-253.mp3,https://nakedbiblepodcast.com/wp-content/uploads/2023/08/Naked-Bible-253.pdf,persecuted church nepal
252,"The Day of the Lord",Heiser,MS,1:23:27,https://nakedbiblepodcast.com/wp-content/uploads/2023/08/Naked-Bible-252.mp3,https://nakedbiblepodcast.com/wp-content/uploads/2023/08/Naked-Bible-252.pdf,day of lord
251,"The Church Fathers and Genesis 1",Heiser,MS,55:58,https://nakedbiblepodcast.com/wp-content/uploads/2023/08/Naked-Bible-251.mp3,https://nakedbiblepodcast.com/wp-content/uploads/2023/08/Naked-Bible-251.pdf,church fathers genesis
250,"The Pastoral Epistles",Heiser,MS,59:20,https://nakedbiblepodcast.com/wp-content/uploads/2023/08/Naked-Bible-250.mp3,https://nakedbiblepodcast.com/wp-content/uploads/2023/08/Naked-Bible-250.pdf,pastoral epistles
249,"Did Israelites View Their Judges as Gods?",Heiser,MS,1:02:19,https://nakedbiblepodcast.com/wp-content/uploads/2023/08/Naked-Bible-249.mp3,https://nakedbiblepodcast.com/wp-content/uploads/2023/08/Naked-Bible-249.pdf,israelites judges gods
248,"Live From Denver",Heiser,MS,2:16:41,https://nakedbiblepodcast.com/wp-content/uploads/2023/08/Naked-Bible-248.mp3,https://nakedbiblepodcast.com/wp-content/uploads/2023/08/Naked-Bible-248.pdf,live denver
247,"SBL Conference Interviews Part 2",Heiser,MS,1:15:43,https://nakedbiblepodcast.com/wp-content/uploads/2023/08/Naked-Bible-247.mp3,https://nakedbiblepodcast.com/wp-content/uploads/2023/08/Naked-Bible-247.pdf,sbl conference interviews
246,"SBL Conference Interviews Part 1",Heiser,MS,1:05:08,https://nakedbiblepodcast.com/wp-content/uploads/2023/08/Naked-Bible-246.mp3,https://nakedbiblepodcast.com/wp-content/uploads/2023/08/Naked-Bible-246.pdf,sbl conference interviews
245,"ETS Conference Interviews Part 4",Heiser,MS,1:08:53,https://nakedbiblepodcast.com/wp-content/uploads/2023/08/Naked-Bible-245.mp3,https://nakedbiblepodcast.com/wp-content/uploads/2023/08/Naked-Bible-245.pdf,ets conference interviews
244,"ETS Conference Interviews Part 3",Heiser,MS,49:38,https://nakedbiblepodcast.com/wp-content/uploads/2023/08/Naked-Bible-244.mp3,https://nakedbiblepodcast.com/wp-content/uploads/2023/08/Naked-Bible-244.pdf,ets conference interviews
243,"ETS Conference Interviews Part 2",Heiser,MS,45:13,https://nakedbiblepodcast.com/wp-content/uploads/2023/08/Naked-Bible-243.mp3,https://nakedbiblepodcast.com/wp-content/uploads/2023/08/Naked-Bible-243.pdf,ets conference interviews
242,"ETS Conference Interviews Part 1",Heiser,MS,52:26,https://nakedbiblepodcast.com/wp-content/uploads/2023/08/Naked-Bible-242.mp3,https://nakedbiblepodcast.com/wp-content/uploads/2023/08/Naked-Bible-242.pdf,ets conference interviews
241,"Psalms 24 and 29 in Their Ancient Context",Heiser,MS,1:15:44,https://nakedbiblepodcast.com/wp-content/uploads/2023/08/Naked-Bible-241.mp3,https://nakedbiblepodcast.com/wp-content/uploads/2023/08/Naked-Bible-241.pdf,psalms 24 29 ancient context
240,"Colossians Q&A",Heiser,MS,54:39,https://nakedbiblepodcast.com/wp-content/uploads/2023/08/Naked-Bible-240.mp3,https://nakedbiblepodcast.com/wp-content/uploads/2023/08/Naked-Bible-240.pdf,colossians q&a
239,"Q&A 33",Heiser,MS,56:56,https://nakedbiblepodcast.com/wp-content/uploads/2023/08/Naked-Bible-239.mp3,https://nakedbiblepodcast.com/wp-content/uploads/2023/08/Naked-Bible-239.pdf,q&a
238,"Q&A 32",Heiser,MS,45:18,https://nakedbiblepodcast.com/wp-content/uploads/2023/08/Naked-Bible-238.mp3,https://nakedbiblepodcast.com/wp-content/uploads/2023/08/Naked-Bible-238.pdf,q&a
237,"Colossians 4",Heiser,MS,1:09:41,https://nakedbiblepodcast.com/wp-content/uploads/2023/08/Naked-Bible-237.mp3,https://nakedbiblepodcast.com/wp-content/uploads/2023/08/Naked-Bible-237.pdf,colossians
236,"Colossians 3:18-25",Heiser,MS,1:16:38,https://nakedbiblepodcast.com/wp-content/uploads/2023/08/Naked-Bible-236.mp3,https://nakedbiblepodcast.com/wp-content/uploads/2023/08/Naked-Bible-236.pdf,colossians
235,"Colossians 3:1-17",Heiser,MS,1:02:57,https://nakedbiblepodcast.com/wp-content/uploads/2023/08/Naked-Bible-235.mp3,https://nakedbiblepodcast.com/wp-content/uploads/2023/08/Naked-Bible-235.pdf,colossians
234,"Apps and Art",Heiser,MS,1:30:54,https://nakedbiblepodcast.com/wp-content/uploads/2023/08/Naked-Bible-234.mp3,https://nakedbiblepodcast.com/wp-content/uploads/2023/08/Naked-Bible-234.pdf,apps art
233,"Honor and Shame Culture",Heiser,MS,1:00:55,https://nakedbiblepodcast.com/wp-content/uploads/2023/08/Naked-Bible-233.mp3,https://nakedbiblepodcast.com/wp-content/uploads/2023/08/Naked-Bible-233.pdf,honor shame culture
232,"Colossians 2:13-23",Heiser,MS,1:06:13,https://nakedbiblepodcast.com/wp-content/uploads/2023/08/Naked-Bible-232.mp3,https://nakedbiblepodcast.com/wp-content/uploads/2023/08/Naked-Bible-232.pdf,colossians
231,"Colossians 2:11-12",Heiser,MS,1:17:17,https://nakedbiblepodcast.com/wp-content/uploads/2023/08/Naked-Bible-231.mp3,https://nakedbiblepodcast.com/wp-content/uploads/2023/08/Naked-Bible-231.pdf,colossians
230,"Colossians 2:9-10",Heiser,MS,1:06:36,https://nakedbiblepodcast.com/wp-content/uploads/2023/08/Naked-Bible-230.mp3,https://nakedbiblepodcast.com/wp-content/uploads/2023/08/Naked-Bible-230.pdf,colossians
229,"Colossians 2:6-8",Heiser,MS,1:10:36,https://nakedbiblepodcast.com/wp-content/uploads/2023/08/Naked-Bible-229.mp3,https://nakedbiblepodcast.com/wp-content/uploads/2023/08/Naked-Bible-229.pdf,colossians
228,"Colossians 1:21-2:5",Heiser,MS,1:00:00,https://nakedbiblepodcast.com/wp-content/uploads/2023/08/Naked-Bible-228.mp3,https://nakedbiblepodcast.com/wp-content/uploads/2023/08/Naked-Bible-228.pdf,colossians
227,"Colossians 1:13-20",Heiser,MS,1:16:57,https://nakedbiblepodcast.com/wp-content/uploads/2023/08/Naked-Bible-227.mp3,https://nakedbiblepodcast.com/wp-content/uploads/2023/08/Naked-Bible-227.pdf,colossians
226,"Colossians 1:1-13",Heiser,MS,55:35,https://nakedbiblepodcast.com/wp-content/uploads/2023/08/Naked-Bible-226.mp3,https://nakedbiblepodcast.com/wp-content/uploads/2023/08/Naked-Bible-226.pdf,colossians
225,"Introducing the Book of Colossians",Heiser,MS,1:07:28,https://nakedbiblepodcast.com/wp-content/uploads/2023/08/Naked-Bible-225.mp3,https://nakedbiblepodcast.com/wp-content/uploads/2023/08/Naked-Bible-225.pdf,introducing colossians
224,"The Falling Away and the Restrainer",Heiser,MS,1:09:02,https://nakedbiblepodcast.com/wp-content/uploads/2023/08/Naked-Bible-224.mp3,https://nakedbiblepodcast.com/wp-content/uploads/2023/08/Naked-Bible-224.pdf,falling away restrainer
223,"Q&A 31",Heiser,MS,43:03,https://nakedbiblepodcast.com/wp-content/uploads/2023/08/Naked-Bible-223.mp3,https://nakedbiblepodcast.com/wp-content/uploads/2023/08/Naked-Bible-223.pdf,q&a
222,"Trees and Kings with Rusty Osborne",Heiser,MS,1:09:39,https://nakedbiblepodcast.com/wp-content/uploads/2023/08/Naked-Bible-222.mp3,https://nakedbiblepodcast.com/wp-content/uploads/2023/08/Naked-Bible-222.pdf,trees kings rusty osborne
221,"Baptism for the Dead",Heiser,MS,1:03:05,https://nakedbiblepodcast.com/wp-content/uploads/2023/08/Naked-Bible-221.mp3,https://nakedbiblepodcast.com/wp-content/uploads/2023/08/Naked-Bible-221.pdf,baptism dead
220,"Q&A 30",Heiser,MS,36:24,https://nakedbiblepodcast.com/wp-content/uploads/2023/08/Naked-Bible-220.mp3,https://nakedbiblepodcast.com/wp-content/uploads/2023/08/Naked-Bible-220.pdf,q&a
219,"Q&A 29",Heiser,MS,32:01,https://nakedbiblepodcast.com/wp-content/uploads/2023/08/Naked-Bible-219.mp3,https://nakedbiblepodcast.com/wp-content/uploads/2023/08/Naked-Bible-219.pdf,q&a
218,"Authorship and Date of the Book of Job",Heiser,MS,1:06:03,https://nakedbiblepodcast.com/wp-content/uploads/2023/08/Naked-Bible-218.mp3,https://nakedbiblepodcast.com/wp-content/uploads/2023/08/Naked-Bible-218.pdf,authorship date job
217,"Authorship and Date of the Book of Isaiah",Heiser,MS,1:24:40,https://nakedbiblepodcast.com/wp-content/uploads/2023/08/Naked-Bible-217.mp3,https://nakedbiblepodcast.com/wp-content/uploads/2023/08/Naked-Bible-217.pdf,authorship date isaiah
216,"Q&A 28",Heiser,MS,27:47,https://nakedbiblepodcast.com/wp-content/uploads/2023/08/Naked-Bible-216.mp3,https://nakedbiblepodcast.com/wp-content/uploads/2023/08/Naked-Bible-216.pdf,q&a
215,"Q&A 27",Heiser,MS,36:13,https://nakedbiblepodcast.com/wp-content/uploads/2023/08/Naked-Bible-215.mp3,https://nakedbiblepodcast.com/wp-content/uploads/2023/08/Naked-Bible-215.pdf,q&a
214,"Authorship and Date of Deuteronomy",Heiser,MS,1:05:15,https://nakedbiblepodcast.com/wp-content/uploads/2023/08/Naked-Bible-214.mp3,https://nakedbiblepodcast.com/wp-content/uploads/2023/08/Naked-Bible-214.pdf,authorship date deuteronomy
213,"Q&A 26",Heiser,MS,35:48,https://nakedbiblepodcast.com/wp-content/uploads/2023/08/Naked-Bible-213.mp3,https://nakedbiblepodcast.com/wp-content/uploads/2023/08/Naked-Bible-213.pdf,q&a
212,"Q&A 25",Heiser,MS,42:15,https://nakedbiblepodcast.com/wp-content/uploads/2023/08/Naked-Bible-212.mp3,https://nakedbiblepodcast.com/wp-content/uploads/2023/08/Naked-Bible-212.pdf,q&a
211,"Authorship and Date of the Pentateuch Part 2",Heiser,MS,1:14:26,https://nakedbiblepodcast.com/wp-content/uploads/2023/08/Naked-Bible-211.mp3,https://nakedbiblepodcast.com/wp-content/uploads/2023/08/Naked-Bible-211.pdf,authorship date pentateuch
210,"Authorship and Date of the Pentateuch Part 1",Heiser,MS,1:23:52,https://nakedbiblepodcast.com/wp-content/uploads/2023/08/Naked-Bible-210.mp3,https://nakedbiblepodcast.com/wp-content/uploads/2023/08/Naked-Bible-210.pdf,authorship date pentateuch
209,"Q&A 24",Heiser,MS,34:37,https://nakedbiblepodcast.com/wp-content/uploads/2023/08/Naked-Bible-209.mp3,https://nakedbiblepodcast.com/wp-content/uploads/2023/08/Naked-Bible-209.pdf,q&a
208,"Q&A 23",Heiser,MS,34:35,https://nakedbiblepodcast.com/wp-content/uploads/2023/08/Naked-Bible-208.mp3,https://nakedbiblepodcast.com/wp-content/uploads/2023/08/Naked-Bible-208.pdf,q&a
207,"The Messianic Secret in Mark",Heiser,MS,1:09:49,https://nakedbiblepodcast.com/wp-content/uploads/2023/08/Naked-Bible-207.mp3,https://nakedbiblepodcast.com/wp-content/uploads/2023/08/Naked-Bible-207.pdf,messianic secret mark
206,"Q&A 22",Heiser,MS,33:34,https://nakedbiblepodcast.com/wp-content/uploads/2023/08/Naked-Bible-206.mp3,https://nakedbiblepodcast.com/wp-content/uploads/2023/08/Naked-Bible-206.pdf,q&a
205,"Q&A 21",Heiser,MS,40:10,https://nakedbiblepodcast.com/wp-content/uploads/2023/08/Naked-Bible-205.mp3,https://nakedbiblepodcast.com/wp-content/uploads/2023/08/Naked-Bible-205.pdf,q&a
204,"The Supernatural Worldview",Heiser,MS,1:11:06,https://nakedbiblepodcast.com/wp-content/uploads/2023/08/Naked-Bible-204.mp3,https://nakedbiblepodcast.com/wp-content/uploads/2023/08/Naked-Bible-204.pdf,supernatural worldview
203,"Q&A 20",Heiser,MS,34:56,https://nakedbiblepodcast.com/wp-content/uploads/2023/08/Naked-Bible-203.mp3,https://nakedbiblepodcast.com/wp-content/uploads/2023/08/Naked-Bible-203.pdf,q&a
202,"Psalm 110 and Ancient Near Eastern Kingship Ideology",Heiser,MS,1:14:24,https://nakedbiblepodcast.com/wp-content/uploads/2023/08/Naked-Bible-202.mp3,https://nakedbiblepodcast.com/wp-content/uploads/2023/08/Naked-Bible-202.pdf,psalm 110 ancient near eastern kingship
201,"Interpreting Bible Prophecy",Heiser,MS,1:05:46,https://nakedbiblepodcast.com/wp-content/uploads/2023/08/Naked-Bible-201.mp3,https://nakedbiblepodcast.com/wp-content/uploads/2023/08/Naked-Bible-201.pdf,interpreting bible prophecy
200,"Ezekiel 40-48",Heiser,MS,1:07:50,https://nakedbiblepodcast.com/wp-content/uploads/2023/08/Naked-Bible-200.mp3,https://nakedbiblepodcast.com/wp-content/uploads/2023/08/Naked-Bible-200.pdf,ezekiel
199,"Ezekiel 38-39",Heiser,MS,1:08:59,https://nakedbiblepodcast.com/wp-content/uploads/2023/08/Naked-Bible-199.mp3,https://nakedbiblepodcast.com/wp-content/uploads/2023/08/Naked-Bible-199.pdf,ezekiel
198,"Ezekiel 37",Heiser,MS,1:01:27,https://nakedbiblepodcast.com/wp-content/uploads/2023/08/Naked-Bible-198.mp3,https://nakedbiblepodcast.com/wp-content/uploads/2023/08/Naked-Bible-198.pdf,ezekiel
197,"Ezekiel 36",Heiser,MS,1:10:00,https://nakedbiblepodcast.com/wp-content/uploads/2023/08/Naked-Bible-197.mp3,https://nakedbiblepodcast.com/wp-content/uploads/2023/08/Naked-Bible-197.pdf,ezekiel
196,"Q&A 29",Heiser,MS,34:48,https://nakedbiblepodcast.com/wp-content/uploads/2022/12/Naked-Bible-196.mp3,https://nakedbiblepodcast.com/wp-content/uploads/2022/12/Naked-Bible-196.pdf,q&a
195,"Q&A 28",Heiser,MS,29:40,https://nakedbiblepodcast.com/wp-content/uploads/2022/12/Naked-Bible-195.mp3,https://nakedbiblepodcast.com/wp-content/uploads/2022/12/Naked-Bible-195.pdf,q&a
194,"Q&A 27",Heiser,MS,24:32,https://nakedbiblepodcast.com/wp-content/uploads/2022/12/Naked-Bible-194.mp3,https://nakedbiblepodcast.com/wp-content/uploads/2022/12/Naked-Bible-194.pdf,q&a
193,"Q&A 26",Heiser,MS,19:24,https://nakedbiblepodcast.com/wp-content/uploads/2022/12/Naked-Bible-193.mp3,https://nakedbiblepodcast.com/wp-content/uploads/2022/12/Naked-Bible-193.pdf,q&a
192,"Q&A 25",Heiser,MS,14:16,https://nakedbiblepodcast.com/wp-content/uploads/2022/12/Naked-Bible-192.mp3,https://nakedbiblepodcast.com/wp-content/uploads/2022/12/Naked-Bible-192.pdf,q&a
191,"Q&A 24",Heiser,MS,09:08,https://nakedbiblepodcast.com/wp-content/uploads/2022/12/Naked-Bible-191.mp3,https://nakedbiblepodcast.com/wp-content/uploads/2022/12/Naked-Bible-191.pdf,q&a
190,"Q&A 23",Heiser,MS,04:00,https://nakedbiblepodcast.com/wp-content/uploads/2022/12/Naked-Bible-190.mp3,https://nakedbiblepodcast.com/wp-content/uploads/2022/12/Naked-Bible-190.pdf,q&a
189,"Q&A 22",Heiser,MS,58:52,https://nakedbiblepodcast.com/wp-content/uploads/2022/12/Naked-Bible-189.mp3,https://nakedbiblepodcast.com/wp-content/uploads/2022/12/Naked-Bible-189.pdf,q&a
188,"Q&A 21",Heiser,MS,53:44,https://nakedbiblepodcast.com/wp-content/uploads/2022/12/Naked-Bible-188.mp3,https://nakedbiblepodcast.com/wp-content/uploads/2022/12/Naked-Bible-188.pdf,q&a
187,"Q&A 20",Heiser,MS,48:36,https://nakedbiblepodcast.com/wp-content/uploads/2022/12/Naked-Bible-187.mp3,https://nakedbiblepodcast.com/wp-content/uploads/2022/12/Naked-Bible-187.pdf,q&a
186,"Q&A 19",Heiser,MS,43:28,https://nakedbiblepodcast.com/wp-content/uploads/2022/12/Naked-Bible-186.mp3,https://nakedbiblepodcast.com/wp-content/uploads/2022/12/Naked-Bible-186.pdf,q&a
185,"Q&A 18",Heiser,MS,38:20,https://nakedbiblepodcast.com/wp-content/uploads/2022/12/Naked-Bible-185.mp3,https://nakedbiblepodcast.com/wp-content/uploads/2022/12/Naked-Bible-185.pdf,q&a
184,"Q&A 17",Heiser,MS,33:12,https://nakedbiblepodcast.com/wp-content/uploads/2022/12/Naked-Bible-184.mp3,https://nakedbiblepodcast.com/wp-content/uploads/2022/12/Naked-Bible-184.pdf,q&a
183,"Q&A 16",Heiser,MS,28:04,https://nakedbiblepodcast.com/wp-content/uploads/2022/12/Naked-Bible-183.mp3,https://nakedbiblepodcast.com/wp-content/uploads/2022/12/Naked-Bible-183.pdf,q&a
182,"Q&A 15",Heiser,MS,22:56,https://nakedbiblepodcast.com/wp-content/uploads/2022/12/Naked-Bible-182.mp3,https://nakedbiblepodcast.com/wp-content/uploads/2022/12/Naked-Bible-182.pdf,q&a
181,"Q&A 14",Heiser,MS,17:48,https://nakedbiblepodcast.com/wp-content/uploads/2022/12/Naked-Bible-181.mp3,https://nakedbiblepodcast.com/wp-content/uploads/2022/12/Naked-Bible-181.pdf,q&a
180,"Q&A 13",Heiser,MS,12:40,https://nakedbiblepodcast.com/wp-content/uploads/2022/12/Naked-Bible-180.mp3,https://nakedbiblepodcast.com/wp-content/uploads/2022/12/Naked-Bible-180.pdf,q&a
179,"Q&A 12",Heiser,MS,07:32,https://nakedbiblepodcast.com/wp-content/uploads/2022/12/Naked-Bible-179.mp3,https://nakedbiblepodcast.com/wp-content/uploads/2022/12/Naked-Bible-179.pdf,q&a
178,"Q&A 11",Heiser,MS,02:24,https://nakedbiblepodcast.com/wp-content/uploads/2022/12/Naked-Bible-178.mp3,https://nakedbiblepodcast.com/wp-content/uploads/2022/12/Naked-Bible-178.pdf,q&a
177,"Q&A 10",Heiser,MS,57:16,https://nakedbiblepodcast.com/wp-content/uploads/2022/12/Naked-Bible-177.mp3,https://nakedbiblepodcast.com/wp-content/uploads/2022/12/Naked-Bible-177.pdf,q&a
176,"Q&A 9",Heiser,MS,52:08,https://nakedbiblepodcast.com/wp-content/uploads/2022/12/Naked-Bible-176.mp3,https://nakedbiblepodcast.com/wp-content/uploads/2022/12/Naked-Bible-176.pdf,q&a
175,"Q&A 8",Heiser,MS,47:00,https://nakedbiblepodcast.com/wp-content/uploads/2022/12/Naked-Bible-175.mp3,https://nakedbiblepodcast.com/wp-content/uploads/2022/12/Naked-Bible-175.pdf,q&a
174,"Q&A 7",Heiser,MS,41:52,https://nakedbiblepodcast.com/wp-content/uploads/2022/12/Naked-Bible-174.mp3,https://nakedbiblepodcast.com/wp-content/uploads/2022/12/Naked-Bible-174.pdf,q&a
173,"Q&A 6",Heiser,MS,36:44,https://nakedbiblepodcast.com/wp-content/uploads/2022/12/Naked-Bible-173.mp3,https://nakedbiblepodcast.com/wp-content/uploads/2022/12/Naked-Bible-173.pdf,q&a
172,"Q&A 5",Heiser,MS,31:36,https://nakedbiblepodcast.com/wp-content/uploads/2022/12/Naked-Bible-172.mp3,https://nakedbiblepodcast.com/wp-content/uploads/2022/12/Naked-Bible-172.pdf,q&a
171,"Q&A 4",Heiser,MS,26:28,https://nakedbiblepodcast.com/wp-content/uploads/2022/12/Naked-Bible-171.mp3,https://nakedbiblepodcast.com/wp-content/uploads/2022/12/Naked-Bible-171.pdf,q&a
170,"Q&A 3",Heiser,MS,21:20,https://nakedbiblepodcast.com/wp-content/uploads/2022/12/Naked-Bible-170.mp3,https://nakedbiblepodcast.com/wp-content/uploads/2022/12/Naked-Bible-170.pdf,q&a
169,"Q&A 2",Heiser,MS,16:12,https://nakedbiblepodcast.com/wp-content/uploads/2022/12/Naked-Bible-169.mp3,https://nakedbiblepodcast.com/wp-content/uploads/2022/12/Naked-Bible-169.pdf,q&a
168,"Q&A 1",Heiser,MS,11:04,https://nakedbiblepodcast.com/wp-content/uploads/2022/12/Naked-Bible-168.mp3,https://nakedbiblepodcast.com/wp-content/uploads/2022/12/Naked-Bible-168.pdf,q&a
167,"The Bible and the Ancient Near East",Heiser,MS,06:56,https://nakedbiblepodcast.com/wp-content/uploads/2022/11/Naked-Bible-167.mp3,https://nakedbiblepodcast.com/wp-content/uploads/2022/11/Naked-Bible-167.pdf,bible ancient near east
166,"The Unseen Realm - Part 10",Heiser,MS,01:48,https://nakedbiblepodcast.com/wp-content/uploads/2022/11/Naked-Bible-166.mp3,https://nakedbiblepodcast.com/wp-content/uploads/2022/11/Naked-Bible-166.pdf,unseen realm
165,"The Unseen Realm - Part 9",Heiser,MS,56:40,https://nakedbiblepodcast.com/wp-content/uploads/2022/11/Naked-Bible-165.mp3,https://nakedbiblepodcast.com/wp-content/uploads/2022/11/Naked-Bible-165.pdf,unseen realm
164,"The Unseen Realm - Part 8",Heiser,MS,51:32,https://nakedbiblepodcast.com/wp-content/uploads/2022/11/Naked-Bible-164.mp3,https://nakedbiblepodcast.com/wp-content/uploads/2022/11/Naked-Bible-164.pdf,unseen realm
163,"The Unseen Realm - Part 7",Heiser,MS,46:24,https://nakedbiblepodcast.com/wp-content/uploads/2022/11/Naked-Bible-163.mp3,https://nakedbiblepodcast.com/wp-content/uploads/2022/11/Naked-Bible-163.pdf,unseen realm
162,"The Unseen Realm - Part 6",Heiser,MS,41:16,https://nakedbiblepodcast.com/wp-content/uploads/2022/11/Naked-Bible-162.mp3,https://nakedbiblepodcast.com/wp-content/uploads/2022/11/Naked-Bible-162.pdf,unseen realm
161,"The Unseen Realm - Part 5",Heiser,MS,36:08,https://nakedbiblepodcast.com/wp-content/uploads/2022/11/Naked-Bible-161.mp3,https://nakedbiblepodcast.com/wp-content/uploads/2022/11/Naked-Bible-161.pdf,unseen realm
160,"The Unseen Realm - Part 4",Heiser,MS,31:00,https://nakedbiblepodcast.com/wp-content/uploads/2022/11/Naked-Bible-160.mp3,https://nakedbiblepodcast.com/wp-content/uploads/2022/11/Naked-Bible-160.pdf,unseen realm
159,"The Unseen Realm - Part 3",Heiser,MS,25:52,https://nakedbiblepodcast.com/wp-content/uploads/2022/11/Naked-Bible-159.mp3,https://nakedbiblepodcast.com/wp-content/uploads/2022/11/Naked-Bible-159.pdf,unseen realm
158,"The Unseen Realm - Part 2",Heiser,MS,20:44,https://nakedbiblepodcast.com/wp-content/uploads/2022/11/Naked-Bible-158.mp3,https://nakedbiblepodcast.com/wp-content/uploads/2022/11/Naked-Bible-158.pdf,unseen realm
157,"The Unseen Realm - Part 1",Heiser,MS,15:36,https://nakedbiblepodcast.com/wp-content/uploads/2022/11/Naked-Bible-157.mp3,https://nakedbiblepodcast.com/wp-content/uploads/2022/11/Naked-Bible-157.pdf,unseen realm
156,"The Nephilim",Heiser,MS,10:28,https://nakedbiblepodcast.com/wp-content/uploads/2022/11/Naked-Bible-156.mp3,https://nakedbiblepodcast.com/wp-content/uploads/2022/11/Naked-Bible-156.pdf,nephilim
155,"The Divine Council",Heiser,MS,05:20,https://nakedbiblepodcast.com/wp-content/uploads/2022/11/Naked-Bible-155.mp3,https://nakedbiblepodcast.com/wp-content/uploads/2022/11/Naked-Bible-155.pdf,divine council
154,"The Tower of Babel",Heiser,MS,00:12,https://nakedbiblepodcast.com/wp-content/uploads/2022/11/Naked-Bible-154.mp3,https://nakedbiblepodcast.com/wp-content/uploads/2022/11/Naked-Bible-154.pdf,tower of babel
153,"The Ancient Near East and the Old Testament",Heiser,MS,55:04,https://nakedbiblepodcast.com/wp-content/uploads/2022/10/Naked-Bible-153.mp3,https://nakedbiblepodcast.com/wp-content/uploads/2022/10/Naked-Bible-153.pdf,ancient near east old testament
152,"The Ancient Near East and the New Testament",Heiser,MS,49:56,https://nakedbiblepodcast.com/wp-content/uploads/2022/10/Naked-Bible-152.mp3,https://nakedbiblepodcast.com/wp-content/uploads/2022/10/Naked-Bible-152.pdf,ancient near east new testament
151,"The Ancient Near East and the Book of Revelation",Heiser,MS,44:48,https://nakedbiblepodcast.com/wp-content/uploads/2022/10/Naked-Bible-151.mp3,https://nakedbiblepodcast.com/wp-content/uploads/2022/10/Naked-Bible-151.pdf,ancient near east revelation
150,"Ezekiel 35-36",Heiser,MS,45:39,https://nakedbiblepodcast.com/wp-content/uploads/2022/10/Naked-Bible-150.mp3,https://nakedbiblepodcast.com/wp-content/uploads/2022/10/Naked-Bible-150.pdf,ezekiel
149,"Q&A with Fern, Audrey, and Beth",Heiser,MS,1:18:46,https://nakedbiblepodcast.com/wp-content/uploads/2022/10/Naked-Bible-149.mp3,https://nakedbiblepodcast.com/wp-content/uploads/2022/10/Naked-Bible-149.pdf,q&a
148,"Q&A 19",Heiser,MS,1:01:20,https://nakedbiblepodcast.com/wp-content/uploads/2022/10/Naked-Bible-148.mp3,https://nakedbiblepodcast.com/wp-content/uploads/2022/10/Naked-Bible-148.pdf,q&a
147,"Ezekiel 33-34",Heiser,MS,1:03:37,https://nakedbiblepodcast.com/wp-content/uploads/2022/10/Naked-Bible-147.mp3,https://nakedbiblepodcast.com/wp-content/uploads/2022/10/Naked-Bible-147.pdf,ezekiel
146,"Ezekiel 32",Heiser,MS,1:00:39,https://nakedbiblepodcast.com/wp-content/uploads/2022/10/Naked-Bible-146.mp3,https://nakedbiblepodcast.com/wp-content/uploads/2022/10/Naked-Bible-146.pdf,ezekiel
145,"Ezekiel 31",Heiser,MS,1:10:19,https://nakedbiblepodcast.com/wp-content/uploads/2022/10/Naked-Bible-145.mp3,https://nakedbiblepodcast.com/wp-content/uploads/2022/10/Naked-Bible-145.pdf,ezekiel
144,"Ezekiel 29-30",Heiser,MS,1:08:43,https://nakedbiblepodcast.com/wp-content/uploads/2022/10/Naked-Bible-144.mp3,https://nakedbiblepodcast.com/wp-content/uploads/2022/10/Naked-Bible-144.pdf,ezekiel
143,"Ezekiel 28",Heiser,MS,1:04:07,https://nakedbiblepodcast.com/wp-content/uploads/2022/10/Naked-Bible-143.mp3,https://nakedbiblepodcast.com/wp-content/uploads/2022/10/Naked-Bible-143.pdf,ezekiel
142,"Ezekiel 26-27",Heiser,MS,49:13,https://nakedbiblepodcast.com/wp-content/uploads/2022/10/Naked-Bible-142.mp3,https://nakedbiblepodcast.com/wp-content/uploads/2022/10/Naked-Bible-142.pdf,ezekiel
141,"Ezekiel 25",Heiser,MS,55:30,https://nakedbiblepodcast.com/wp-content/uploads/2022/10/Naked-Bible-141.mp3,https://nakedbiblepodcast.com/wp-content/uploads/2022/10/Naked-Bible-141.pdf,ezekiel
140,"Ezekiel 24",Heiser,MS,47:59,https://nakedbiblepodcast.com/wp-content/uploads/2022/10/Naked-Bible-140.mp3,https://nakedbiblepodcast.com/wp-content/uploads/2022/10/Naked-Bible-140.pdf,ezekiel
139,"Q&A 18",Heiser,MS,1:02:21,https://nakedbiblepodcast.com/wp-content/uploads/2022/10/Naked-Bible-139.mp3,https://nakedbiblepodcast.com/wp-content/uploads/2022/10/Naked-Bible-139.pdf,q&a
138,"What Day was Jesus Born?",Heiser,MS,1:39:36,https://nakedbiblepodcast.com/wp-content/uploads/2022/10/Naked-Bible-138.mp3,https://nakedbiblepodcast.com/wp-content/uploads/2022/10/Naked-Bible-138.pdf,what day jesus born
137,"Ezekiel 23",Heiser,MS,58:59,https://nakedbiblepodcast.com/wp-content/uploads/2022/10/Naked-Bible-137.mp3,https://nakedbiblepodcast.com/wp-content/uploads/2022/10/Naked-Bible-137.pdf,ezekiel
136,"Ezekiel 21-22",Heiser,MS,56:41,https://nakedbiblepodcast.com/wp-content/uploads/2022/10/Naked-Bible-136.mp3,https://nakedbiblepodcast.com/wp-content/uploads/2022/10/Naked-Bible-136.pdf,ezekiel
135,"Ezekiel 19-20",Heiser,MS,1:24:14,https://nakedbiblepodcast.com/wp-content/uploads/2022/10/Naked-Bible-135.mp3,https://nakedbiblepodcast.com/wp-content/uploads/2022/10/Naked-Bible-135.pdf,ezekiel
134,"Conference Interviews Part 6",Heiser,MS,1:03:52,https://nakedbiblepodcast.com/wp-content/uploads/2022/10/Naked-Bible-134.mp3,https://nakedbiblepodcast.com/wp-content/uploads/2022/10/Naked-Bible-134.pdf,conference interviews
133,"Live from San Antonio",Heiser,MS,2:21:18,https://nakedbiblepodcast.com/wp-content/uploads/2022/10/Naked-Bible-133.mp3,https://nakedbiblepodcast.com/wp-content/uploads/2022/10/Naked-Bible-133.pdf,live san antonio
132,"Conference Interviews Part 5",Heiser,MS,55:05,https://nakedbiblepodcast.com/wp-content/uploads/2022/10/Naked-Bible-132.mp3,https://nakedbiblepodcast.com/wp-content/uploads/2022/10/Naked-Bible-132.pdf,conference interviews
131,"Conference Interviews Part 4",Heiser,MS,1:07:29,https://nakedbiblepodcast.com/wp-content/uploads/2022/10/Naked-Bible-131.mp3,https://nakedbiblepodcast.com/wp-content/uploads/2022/10/Naked-Bible-131.pdf,conference interviews
130,"Conference Interviews Part 3",Heiser,MS,50:41,https://nakedbiblepodcast.com/wp-content/uploads/2022/10/Naked-Bible-130.mp3,https://nakedbiblepodcast.com/wp-content/uploads/2022/10/Naked-Bible-130.pdf,conference interviews
129,"Conference Interviews Part 2",Heiser,MS,56:55,https://nakedbiblepodcast.com/wp-content/uploads/2022/10/Naked-Bible-129.mp3,https://nakedbiblepodcast.com/wp-content/uploads/2022/10/Naked-Bible-129.pdf,conference interviews
128,"Conference Interviews Part 1",Heiser,MS,1:08:32,https://nakedbiblepodcast.com/wp-content/uploads/2022/10/Naked-Bible-128.mp3,https://nakedbiblepodcast.com/wp-content/uploads/2022/10/Naked-Bible-128.pdf,conference interviews
127,"Q&A 17",Heiser,MS,57:02,https://nakedbiblepodcast.com/wp-content/uploads/2022/10/Naked-Bible-127.mp3,https://nakedbiblepodcast.com/wp-content/uploads/2022/10/Naked-Bible-127.pdf,q&a
126,"Ezekiel 18",Heiser,MS,55:39,https://nakedbiblepodcast.com/wp-content/uploads/2022/10/Naked-Bible-126.mp3,https://nakedbiblepodcast.com/wp-content/uploads/2022/10/Naked-Bible-126.pdf,ezekiel
125,"Bible Study Tools",Heiser,MS,1:20:36,https://nakedbiblepodcast.com/wp-content/uploads/2022/10/Naked-Bible-125.mp3,https://nakedbiblepodcast.com/wp-content/uploads/2022/10/Naked-Bible-125.pdf,bible study tools
124,"Ezekiel 17",Heiser,MS,1:00:04,https://nakedbiblepodcast.com/wp-content/uploads/2022/10/Naked-Bible-124.mp3,https://nakedbiblepodcast.com/wp-content/uploads/2022/10/Naked-Bible-124.pdf,ezekiel
123,"Ezekiel 16",Heiser,MS,1:13:06,https://nakedbiblepodcast.com/wp-content/uploads/2022/10/Naked-Bible-123.mp3,https://nakedbiblepodcast.com/wp-content/uploads/2022/10/Naked-Bible-123.pdf,ezekiel
122,"Ezekiel 14-15",Heiser,MS,1:07:24,https://nakedbiblepodcast.com/wp-content/uploads/2022/10/Naked-Bible-122.mp3,https://nakedbiblepodcast.com/wp-content/uploads/2022/10/Naked-Bible-122.pdf,ezekiel
121,"Ezekiel 12-13",Heiser,MS,51:39,https://nakedbiblepodcast.com/wp-content/uploads/2022/10/Naked-Bible-121.mp3,https://nakedbiblepodcast.com/wp-content/uploads/2022/10/Naked-Bible-121.pdf,ezekiel
120,"Fern, Audrey, and Beth",Heiser,MS,1:23:55,https://nakedbiblepodcast.com/wp-content/uploads/2022/10/Naked-Bible-120.mp3,https://nakedbiblepodcast.com/wp-content/uploads/2022/10/Naked-Bible-120.pdf,fern audrey beth
119,"Ezekiel 10-11",Heiser,MS,1:14:49,https://nakedbiblepodcast.com/wp-content/uploads/2022/10/Naked-Bible-119.mp3,https://nakedbiblepodcast.com/wp-content/uploads/2022/10/Naked-Bible-119.pdf,ezekiel
118,"Q&A 16",Heiser,MS,1:24:40,https://nakedbiblepodcast.com/wp-content/uploads/2022/09/Naked-Bible-118.mp3,https://nakedbiblepodcast.com/wp-content/uploads/2022/09/Naked-Bible-118.pdf,q&a
117,"Ezekiel 8-9",Heiser,MS,1:21:43,https://nakedbiblepodcast.com/wp-content/uploads/2022/09/Naked-Bible-117.mp3,https://nakedbiblepodcast.com/wp-content/uploads/2022/09/Naked-Bible-117.pdf,ezekiel
116,"Ezekiel 7",Heiser,MS,1:05:00,https://nakedbiblepodcast.com/wp-content/uploads/2022/09/Naked-Bible-116.mp3,https://nakedbiblepodcast.com/wp-content/uploads/2022/09/Naked-Bible-116.pdf,ezekiel
115,"Ezekiel 6",Heiser,MS,1:16:05,https://nakedbiblepodcast.com/wp-content/uploads/2022/09/Naked-Bible-115.mp3,https://nakedbiblepodcast.com/wp-content/uploads/2022/09/Naked-Bible-115.pdf,ezekiel
114,"Ezekiel 4-5",Heiser,MS,1:13:24,https://nakedbiblepodcast.com/wp-content/uploads/2022/09/Naked-Bible-114.mp3,https://nakedbiblepodcast.com/wp-content/uploads/2022/09/Naked-Bible-114.pdf,ezekiel
113,"Ezekiel 2-3",Heiser,MS,1:09:06,https://nakedbiblepodcast.com/wp-content/uploads/2022/09/Naked-Bible-113.mp3,https://nakedbiblepodcast.com/wp-content/uploads/2022/09/Naked-Bible-113.pdf,ezekiel
112,"Ezekiel 1",Heiser,MS,1:07:18,https://nakedbiblepodcast.com/wp-content/uploads/2022/09/Naked-Bible-112.mp3,https://nakedbiblepodcast.com/wp-content/uploads/2022/09/Naked-Bible-112.pdf,ezekiel
111,"Introducing the Book of Ezekiel",Heiser,MS,1:06:26,https://nakedbiblepodcast.com/wp-content/uploads/2022/09/Naked-Bible-111.mp3,https://nakedbiblepodcast.com/wp-content/uploads/2022/09/Naked-Bible-111.pdf,introducing ezekiel
110,"Q&A 15",Heiser,MS,1:14:19,https://nakedbiblepodcast.com/wp-content/uploads/2022/09/Naked-Bible-110.mp3,https://nakedbiblepodcast.com/wp-content/uploads/2022/09/Naked-Bible-110.pdf,q&a
109,"John 10, gods or Men?",Heiser,MS,48:44,https://nakedbiblepodcast.com/wp-content/uploads/2022/09/Naked-Bible-109.mp3,https://nakedbiblepodcast.com/wp-content/uploads/2022/09/Naked-Bible-109.pdf,john 10 gods or men
108,"Q&A 14",Heiser,MS,50:45,https://nakedbiblepodcast.com/wp-content/uploads/2022/09/Naked-Bible-108.mp3,https://nakedbiblepodcast.com/wp-content/uploads/2022/09/Naked-Bible-108.pdf,q&a
107,"Book of Obadiah Part 2",Heiser,MS,1:01:29,https://nakedbiblepodcast.com/wp-content/uploads/2022/09/Naked-Bible-107.mp3,https://nakedbiblepodcast.com/wp-content/uploads/2022/09/Naked-Bible-107.pdf,obadiah
106,"Book of Obadiah Part 1",Heiser,MS,48:49,https://nakedbiblepodcast.com/wp-content/uploads/2022/09/Naked-Bible-106.mp3,https://nakedbiblepodcast.com/wp-content/uploads/2022/09/Naked-Bible-106.pdf,obadiah
105,"Q&A 13",Heiser,MS,1:04:43,https://nakedbiblepodcast.com/wp-content/uploads/2022/09/Naked-Bible-105.mp3,https://nakedbiblepodcast.com/wp-content/uploads/2022/09/Naked-Bible-105.pdf,q&a
104,"How We Got the Old Testament",Heiser,MS,1:26:36,https://nakedbiblepodcast.com/wp-content/uploads/2022/09/Naked-Bible-104.mp3,https://nakedbiblepodcast.com/wp-content/uploads/2022/09/Naked-Bible-104.pdf,how we got old testament
103,"Moses and the Bronze Serpent",Heiser,MS,1:13:20,https://nakedbiblepodcast.com/wp-content/uploads/2022/09/Naked-Bible-103.mp3,https://nakedbiblepodcast.com/wp-content/uploads/2022/09/Naked-Bible-103.pdf,moses bronze serpent
102,"What does ""All Israel will be saved"" Mean?",Heiser,MS,54:16,https://nakedbiblepodcast.com/wp-content/uploads/2022/09/Naked-Bible-102.mp3,https://nakedbiblepodcast.com/wp-content/uploads/2022/09/Naked-Bible-102.pdf,all israel saved
101,"Jesus, the Exile, and the Tribulation",Heiser,MS,1:15:15,https://nakedbiblepodcast.com/wp-content/uploads/2022/09/Naked-Bible-101.mp3,https://nakedbiblepodcast.com/wp-content/uploads/2022/09/Naked-Bible-101.pdf,jesus exile tribulation
100,"Celebration",Heiser,MS,1:16:42,https://nakedbiblepodcast.com/wp-content/uploads/2022/09/Naked-Bible-100.mp3,https://nakedbiblepodcast.com/wp-content/uploads/2022/09/Naked-Bible-100.pdf,celebration
99,"Debunking Greek NT Manuscript Conspiracies",Heiser,MS,1:32:14,https://nakedbiblepodcast.com/wp-content/uploads/2022/09/Naked-Bible-99.mp3,https://nakedbiblepodcast.com/wp-content/uploads/2022/09/Naked-Bible-99.pdf,debunking greek nt manuscript conspiracies
98,"House Churches",Heiser,MS,1:30:04,https://nakedbiblepodcast.com/wp-content/uploads/2022/09/Naked-Bible-98.mp3,https://nakedbiblepodcast.com/wp-content/uploads/2022/09/Naked-Bible-98.pdf,house churches
97,"Q&A 12",Heiser,MS,48:09,https://nakedbiblepodcast.com/wp-content/uploads/2022/09/Naked-Bible-97.mp3,https://nakedbiblepodcast.com/wp-content/uploads/2022/09/Naked-Bible-97.pdf,q&a
96,"Q&A 11",Heiser,MS,1:22:20,https://nakedbiblepodcast.com/wp-content/uploads/2022/09/Naked-Bible-96.mp3,https://nakedbiblepodcast.com/wp-content/uploads/2022/09/Naked-Bible-96.pdf,q&a
95,"David Burnett – Resurrection and the Death of the Gods",Heiser,MS,1:48:35,https://nakedbiblepodcast.com/wp-content/uploads/2022/09/Naked-Bible-95.mp3,https://nakedbiblepodcast.com/wp-content/uploads/2022/09/Naked-Bible-95.pdf,david burnett resurrection death gods
94,"The Sin of the Watchers and Galatians 3-4",Heiser,MS,1:20:31,https://nakedbiblepodcast.com/wp-content/uploads/2022/09/Naked-Bible-94.mp3,https://nakedbiblepodcast.com/wp-content/uploads/2022/09/Naked-Bible-94.pdf,sin watchers galatians
93,"The Book of Enoch in the Early Church",Heiser,MS,1:02:36,https://nakedbiblepodcast.com/wp-content/uploads/2022/09/Naked-Bible-93.mp3,https://nakedbiblepodcast.com/wp-content/uploads/2022/09/Naked-Bible-93.pdf,book enoch early church
92,"Stones of Fire",Heiser,MS,37:42,https://nakedbiblepodcast.com/wp-content/uploads/2022/09/Naked-Bible-92.mp3,https://nakedbiblepodcast.com/wp-content/uploads/2022/09/Naked-Bible-92.pdf,stones of fire
91,"Q&A 10",Heiser,MS,1:10:12,https://nakedbiblepodcast.com/wp-content/uploads/2022/09/Naked-Bible-91.mp3,https://nakedbiblepodcast.com/wp-content/uploads/2022/09/Naked-Bible-91.pdf,q&a
90,"Lake of Fire",Heiser,MS,50:21,https://nakedbiblepodcast.com/wp-content/uploads/2022/09/Naked-Bible-90.mp3,https://nakedbiblepodcast.com/wp-content/uploads/2022/09/Naked-Bible-90.pdf,lake of fire
89,"The Book of Life",Heiser,MS,1:03:42,https://nakedbiblepodcast.com/wp-content/uploads/2022/09/Naked-Bible-89.mp3,https://nakedbiblepodcast.com/wp-content/uploads/2022/09/Naked-Bible-89.pdf,book of life
88,"What is the ""spiritual body"" Paul talks about in 1 Cor 15?",Heiser,MS,49:35,https://nakedbiblepodcast.com/wp-content/uploads/2022/09/Naked-Bible-88.mp3,https://nakedbiblepodcast.com/wp-content/uploads/2022/09/Naked-Bible-88.pdf,spiritual body 1 cor 15
87,"Exorcism of Demons as Part of the Messianic Profile",Heiser,MS,43:17,https://nakedbiblepodcast.com/wp-content/uploads/2022/09/Naked-Bible-87.mp3,https://nakedbiblepodcast.com/wp-content/uploads/2022/09/Naked-Bible-87.pdf,exorcism demons messianic profile
86,"The Head Covering of 1 Corinthians 11:13-15",Heiser,MS,58:11,https://nakedbiblepodcast.com/wp-content/uploads/2022/09/Naked-Bible-86.mp3,https://nakedbiblepodcast.com/wp-content/uploads/2022/09/Naked-Bible-86.pdf,head covering 1 corinthians
85,"Q&A 9",Heiser,MS,1:09:16,https://nakedbiblepodcast.com/wp-content/uploads/2022/09/Naked-Bible-85.mp3,https://nakedbiblepodcast.com/wp-content/uploads/2022/09/Naked-Bible-85.pdf,q&a
84,"Leviticus 26-27",Heiser,MS,1:08:59,https://nakedbiblepodcast.com/wp-content/uploads/2022/09/Naked-Bible-84.mp3,https://nakedbiblepodcast.com/wp-content/uploads/2022/09/Naked-Bible-84.pdf,leviticus
83,"Leviticus 23-25",Heiser,MS,1:16:26,https://nakedbiblepodcast.com/wp-content/uploads/2022/09/Naked-Bible-83.mp3,https://nakedbiblepodcast.com/wp-content/uploads/2022/09/Naked-Bible-83.pdf,leviticus
82,"Q&A 8",Heiser,MS,1:15:32,https://nakedbiblepodcast.com/wp-content/uploads/2022/08/Naked-Bible-82.mp3,https://nakedbiblepodcast.com/wp-content/uploads/2022/08/Naked-Bible-82.pdf,q&a
81,"Leviticus 21-22",Heiser,MS,59:45,https://nakedbiblepodcast.com/wp-content/uploads/2022/08/Naked-Bible-81.mp3,https://nakedbiblepodcast.com/wp-content/uploads/2022/08/Naked-Bible-81.pdf,leviticus
80,"Leviticus 19-20",Heiser,MS,1:02:41,https://nakedbiblepodcast.com/wp-content/uploads/2022/08/Naked-Bible-80.mp3,https://nakedbiblepodcast.com/wp-content/uploads/2022/08/Naked-Bible-80.pdf,leviticus
79,"Leviticus 17-18",Heiser,MS,1:17:11,https://nakedbiblepodcast.com/wp-content/uploads/2022/08/Naked-Bible-79.mp3,https://nakedbiblepodcast.com/wp-content/uploads/2022/08/Naked-Bible-79.pdf,leviticus
78,"Conference Interviews Part 2",Heiser,MS,36:28,https://nakedbiblepodcast.com/wp-content/uploads/2022/08/Naked-Bible-78.mp3,N/A,conference interviews
77,"Conference Interviews Part 1",Heiser,MS,1:07:06,https://nakedbiblepodcast.com/wp-content/uploads/2022/08/Naked-Bible-77.mp3,N/A,conference interviews
76,"Leviticus 16",Heiser,MS,59:55,https://nakedbiblepodcast.com/wp-content/uploads/2022/08/Naked-Bible-76.mp3,https://nakedbiblepodcast.com/wp-content/uploads/2022/08/Naked-Bible-76.pdf,leviticus
75,"Leviticus 12-15",Heiser,MS,59:48,https://nakedbiblepodcast.com/wp-content/uploads/2022/08/Naked-Bible-75.mp3,https://nakedbiblepodcast.com/wp-content/uploads/2022/08/Naked-Bible-75.pdf,leviticus
74,"Leviticus 11",Heiser,MS,45:51,https://nakedbiblepodcast.com/wp-content/uploads/2022/08/Naked-Bible-74.mp3,https://nakedbiblepodcast.com/wp-content/uploads/2022/08/Naked-Bible-74.pdf,leviticus
73,"Leviticus 10",Heiser,MS,38:57,https://nakedbiblepodcast.com/wp-content/uploads/2022/08/Naked-Bible-73.mp3,https://nakedbiblepodcast.com/wp-content/uploads/2022/08/Naked-Bible-73.pdf,leviticus
72,"Leviticus 8-9",Heiser,MS,55:01,https://nakedbiblepodcast.com/wp-content/uploads/2022/08/Naked-Bible-72.mp3,https://nakedbiblepodcast.com/wp-content/uploads/2022/08/Naked-Bible-72.pdf,leviticus
71,"Q&A 7",Heiser,MS,1:13:11,https://nakedbiblepodcast.com/wp-content/uploads/2022/08/Naked-Bible-71.mp3,https://nakedbiblepodcast.com/wp-content/uploads/2022/08/Naked-Bible-71.pdf,q&a
70,"Q&A 6",Heiser,MS,1:07:28,https://nakedbiblepodcast.com/wp-content/uploads/2022/08/Naked-Bible-70.mp3,https://nakedbiblepodcast.com/wp-content/uploads/2022/08/Naked-Bible-70.pdf,q&a
69,"Leviticus 6-7",Heiser,MS,1:01:27,https://nakedbiblepodcast.com/wp-content/uploads/2022/08/Naked-Bible-69.mp3,https://nakedbiblepodcast.com/wp-content/uploads/2022/08/Naked-Bible-69.pdf,leviticus
68,"Interview with Fern and Audrey",Heiser,MS,52:51,https://nakedbiblepodcast.com/wp-content/uploads/2022/08/Naked-Bible-68.mp3,https://nakedbiblepodcast.com/wp-content/uploads/2022/08/Naked-Bible-68.pdf,interview fern audrey
67,"Leviticus 5",Heiser,MS,49:09,https://nakedbiblepodcast.com/wp-content/uploads/2022/08/Naked-Bible-67.mp3,https://nakedbiblepodcast.com/wp-content/uploads/2022/08/Naked-Bible-67.pdf,leviticus
66,"Leviticus 4",Heiser,MS,53:33,https://nakedbiblepodcast.com/wp-content/uploads/2022/08/Naked-Bible-66.mp3,https://nakedbiblepodcast.com/wp-content/uploads/2022/08/Naked-Bible-66.pdf,leviticus
65,"Leviticus 2-3",Heiser,MS,49:29,https://nakedbiblepodcast.com/wp-content/uploads/2022/08/Naked-Bible-65.mp3,https://nakedbiblepodcast.com/wp-content/uploads/2022/08/Naked-Bible-65.pdf,leviticus
64,"Leviticus 1",Heiser,MS,47:16,https://nakedbiblepodcast.com/wp-content/uploads/2022/08/Naked-Bible-64.mp3,https://nakedbiblepodcast.com/wp-content/uploads/2022/08/Naked-Bible-64.pdf,leviticus
63,"Introducing Leviticus",Heiser,MS,56:37,https://nakedbiblepodcast.com/wp-content/uploads/2022/08/Naked-Bible-63.mp3,https://nakedbiblepodcast.com/wp-content/uploads/2022/08/Naked-Bible-63.pdf,introducing leviticus
62,"Q&A 5",Heiser,MS,1:09:35,https://nakedbiblepodcast.com/wp-content/uploads/2022/08/Naked-Bible-62.mp3,https://nakedbiblepodcast.com/wp-content/uploads/2022/08/Naked-Bible-62.pdf,q&a
61,"David Burnett",Heiser,MS,59:15,https://nakedbiblepodcast.com/wp-content/uploads/2022/08/Naked-Bible-61.mp3,https://nakedbiblepodcast.com/wp-content/uploads/2022/08/Naked-Bible-61.pdf,david burnett
60,"Acts 27-28",Heiser,MS,48:25,https://nakedbiblepodcast.com/wp-content/uploads/2022/08/Naked-Bible-60.mp3,https://nakedbiblepodcast.com/wp-content/uploads/2022/08/Naked-Bible-60.pdf,acts
59,"Q&A 4",Heiser,MS,1:12:10,https://nakedbiblepodcast.com/wp-content/uploads/2022/08/Naked-Bible-59.mp3,https://nakedbiblepodcast.com/wp-content/uploads/2022/08/Naked-Bible-59.pdf,q&a
58,"Acts 23-26",Heiser,MS,45:08,https://nakedbiblepodcast.com/wp-content/uploads/2022/08/Naked-Bible-58.mp3,https://nakedbiblepodcast.com/wp-content/uploads/2022/08/Naked-Bible-58.pdf,acts
57,"Acts 22",Heiser,MS,40:58,https://nakedbiblepodcast.com/wp-content/uploads/2022/08/Naked-Bible-57.mp3,https://nakedbiblepodcast.com/wp-content/uploads/2022/08/Naked-Bible-57.pdf,acts
56,"Acts 20-21",Heiser,MS,44:03,https://nakedbiblepodcast.com/wp-content/uploads/2022/08/Naked-Bible-56.mp3,https://nakedbiblepodcast.com/wp-content/uploads/2022/08/Naked-Bible-56.pdf,acts
55,"Dr. Ronn Johnson",Heiser,MS,59:36,https://nakedbiblepodcast.com/wp-content/uploads/2022/08/Naked-Bible-55.mp3,https://nakedbiblepodcast.com/wp-content/uploads/2022/08/Naked-Bible-55.pdf,ronn johnson
54,"Acts 18-19",Heiser,MS,1:06:01,https://nakedbiblepodcast.com/wp-content/uploads/2022/08/Naked-Bible-54.mp3,https://nakedbiblepodcast.com/wp-content/uploads/2022/08/Naked-Bible-54.pdf,acts
53,"Q&A 3",Heiser,MS,1:26:26,https://nakedbiblepodcast.com/wp-content/uploads/2022/08/Naked-Bible-53.mp3,https://nakedbiblepodcast.com/wp-content/uploads/2022/08/Naked-Bible-53.pdf,q&a
52,"Acts 16-17",Heiser,MS,49:47,https://nakedbiblepodcast.com/wp-content/uploads/2022/08/Naked-Bible-52.mp3,https://nakedbiblepodcast.com/wp-content/uploads/2022/08/Naked-Bible-52.pdf,acts
51,"Acts 15",Heiser,MS,57:56,https://nakedbiblepodcast.com/wp-content/uploads/2022/08/Naked-Bible-51.mp3,https://nakedbiblepodcast.com/wp-content/uploads/2022/08/Naked-Bible-51.pdf,acts
50,"Acts 14",Heiser,MS,45:52,https://nakedbiblepodcast.com/wp-content/uploads/2022/08/Naked-Bible-50.mp3,https://nakedbiblepodcast.com/wp-content/uploads/2022/08/Naked-Bible-50.pdf,acts
49,"Acts 13",Heiser,MS,44:58,https://nakedbiblepodcast.com/wp-content/uploads/2022/08/Naked-Bible-49.mp3,https://nakedbiblepodcast.com/wp-content/uploads/2022/08/Naked-Bible-49.pdf,acts
48,"Acts 11-12",Heiser,MS,53:53,https://nakedbiblepodcast.com/wp-content/uploads/2022/08/Naked-Bible-48.mp3,https://nakedbiblepodcast.com/wp-content/uploads/2022/08/Naked-Bible-48.pdf,acts
47,"Acts 10",Heiser,MS,47:34,https://nakedbiblepodcast.com/wp-content/uploads/2022/08/Naked-Bible-47.mp3,https://nakedbiblepodcast.com/wp-content/uploads/2022/08/Naked-Bible-47.pdf,acts
46,"Q&A 2",Heiser,MS,1:13:33,https://nakedbiblepodcast.com/wp-content/uploads/2022/08/Naked-Bible-46.mp3,https://nakedbiblepodcast.com/wp-content/uploads/2022/08/Naked-Bible-46.pdf,q&a
45,"Acts 9",Heiser,MS,51:03,https://nakedbiblepodcast.com/wp-content/uploads/2022/08/Naked-Bible-45.mp3,https://nakedbiblepodcast.com/wp-content/uploads/2022/08/Naked-Bible-45.pdf,acts
44,"Acts 8",Heiser,MS,41:45,https://nakedbiblepodcast.com/wp-content/uploads/2022/08/Naked-Bible-44.mp3,https://nakedbiblepodcast.com/wp-content/uploads/2022/08/Naked-Bible-44.pdf,acts
43,"Acts 6-7",Heiser,MS,49:42,https://nakedbiblepodcast.com/wp-content/uploads/2022/08/Naked-Bible-43.mp3,https://nakedbiblepodcast.com/wp-content/uploads/2022/08/Naked-Bible-43.pdf,acts
42,"Acts 4-5",Heiser,MS,52:52,https://nakedbiblepodcast.com/wp-content/uploads/2022/08/Naked-Bible-42.mp3,https://nakedbiblepodcast.com/wp-content/uploads/2022/08/Naked-Bible-42.pdf,acts
41,"Acts 3",Heiser,MS,50:29,https://nakedbiblepodcast.com/wp-content/uploads/2022/08/Naked-Bible-41.mp3,https://nakedbiblepodcast.com/wp-content/uploads/2022/08/Naked-Bible-41.pdf,acts
40,"Q&A 1",Heiser,MS,45:21,https://nakedbiblepodcast.com/wp-content/uploads/2022/08/Naked-Bible-40.mp3,https://nakedbiblepodcast.com/wp-content/uploads/2022/08/Naked-Bible-40.pdf,q&a
39,"Acts 2:42-47",Heiser,MS,33:08,https://nakedbiblepodcast.com/wp-content/uploads/2022/08/Naked-Bible-39.mp3,https://nakedbiblepodcast.com/wp-content/uploads/2022/08/Naked-Bible-39.pdf,acts
38,"Acts 2:22-41",Heiser,MS,51:52,https://nakedbiblepodcast.com/wp-content/uploads/2022/08/Naked-Bible-38.mp3,https://nakedbiblepodcast.com/wp-content/uploads/2022/08/Naked-Bible-38.pdf,acts
37,"Acts 2:1-21",Heiser,MS,1:04:17,https://nakedbiblepodcast.com/wp-content/uploads/2022/08/Naked-Bible-37.mp3,https://nakedbiblepodcast.com/wp-content/uploads/2022/08/Naked-Bible-37.pdf,acts
36,"Acts 1:12-26",Heiser,MS,41:57,https://nakedbiblepodcast.com/wp-content/uploads/2022/08/Naked-Bible-36.mp3,https://nakedbiblepodcast.com/wp-content/uploads/2022/08/Naked-Bible-36.pdf,acts
35,"Acts 1:1-11",Heiser,MS,40:52,https://nakedbiblepodcast.com/wp-content/uploads/2022/08/Naked-Bible-35.mp3,https://nakedbiblepodcast.com/wp-content/uploads/2022/08/Naked-Bible-35.pdf,acts
34,"Version 2.0",Heiser,MS,42:55,https://nakedbiblepodcast.com/wp-content/uploads/2022/08/Naked-Bible-34.mp3,N/A,version 2.0
33,"Studying the Original Languages of the Bible: Word Study Techniques, Part 2",Heiser,MS,20:49,https://nakedbiblepodcast.com/wp-content/uploads/2022/07/Naked-Bible-33.mp3,https://nakedbiblepodcast.com/wp-content/uploads/2022/07/Naked-Bible-33.pdf,studying original languages word study
32,"Studying the Original Languages of the Bible: Word Study Techniques, Part 1",Heiser,MS,26:31,https://nakedbiblepodcast.com/wp-content/uploads/2022/07/Naked-Bible-32.mp3,https://nakedbiblepodcast.com/wp-content/uploads/2022/07/Naked-Bible-32.pdf,studying original languages word study
31,"Studying the Original Languages of the Bible: Exegetical Fallacies",Heiser,MS,19:54,https://nakedbiblepodcast.com/wp-content/uploads/2022/07/Naked-Bible-31.mp3,https://nakedbiblepodcast.com/wp-content/uploads/2022/07/Naked-Bible-31.pdf,studying original languages exegetical fallacies
30,"Studying the Original Languages of the Bible: Introduction to Word Meaning",Heiser,MS,22:51,https://nakedbiblepodcast.com/wp-content/uploads/2022/07/Naked-Bible-30.mp3,https://nakedbiblepodcast.com/wp-content/uploads/2022/07/Naked-Bible-30.pdf,studying original languages word meaning
29,"The Bible's Literary Context: Prophecy and Apocalyptic",Heiser,MS,14:35,https://nakedbiblepodcast.com/wp-content/uploads/2022/07/Naked-Bible-29.mp3,https://nakedbiblepodcast.com/wp-content/uploads/2022/07/Naked-Bible-29.pdf,bible literary context prophecy apocalyptic
28,"The Bible's Literary Context: The Comedic Genre and the New Testament",Heiser,MS,20:56,https://nakedbiblepodcast.com/wp-content/uploads/2022/07/Naked-Bible-28.mp3,https://nakedbiblepodcast.com/wp-content/uploads/2022/07/Naked-Bible-28.pdf,bible literary context comedic genre
27,"The Bible's Literary Context: What is a Proverb?",Heiser,MS,12:23,https://nakedbiblepodcast.com/wp-content/uploads/2022/07/Naked-Bible-27.mp3,https://nakedbiblepodcast.com/wp-content/uploads/2022/07/Naked-Bible-27.pdf,bible literary context proverb
26,"The Bible's Literary Context: Parables",Heiser,MS,14:34,https://nakedbiblepodcast.com/wp-content/uploads/2022/07/Naked-Bible-26.mp3,https://nakedbiblepodcast.com/wp-content/uploads/2022/07/Naked-Bible-26.pdf,bible literary context parables
25,"The Bible's Literary Context: Greco-Roman Ghost Stories and the Gospels",Heiser,MS,13:40,https://nakedbiblepodcast.com/wp-content/uploads/2022/07/Naked-Bible-25.mp3,https://nakedbiblepodcast.com/wp-content/uploads/2022/07/Naked-Bible-25.pdf,bible literary context greco-roman ghost stories
24,"The Bible's Literary Context: The Military-Historical Annal Genre",Heiser,MS,18:05,https://nakedbiblepodcast.com/wp-content/uploads/2022/07/Naked-Bible-24.mp3,https://nakedbiblepodcast.com/wp-content/uploads/2022/07/Naked-Bible-24.pdf,bible literary context military-historical annal
23,"The Bible's Literary Context: The Legal Genre",Heiser,MS,15:55,https://nakedbiblepodcast.com/wp-content/uploads/2022/07/Naked-Bible-23.mp3,https://nakedbiblepodcast.com/wp-content/uploads/2022/07/Naked-Bible-23.pdf,bible literary context legal genre
22,"Introducing Genres and Reading Bible Stories Like Fiction",Heiser,MS,23:33,https://nakedbiblepodcast.com/wp-content/uploads/2022/07/Naked-Bible-22.mp3,https://nakedbiblepodcast.com/wp-content/uploads/2022/07/Naked-Bible-22.pdf,introducing genres reading bible stories
21,"Taking the Bible's Own Context Seriously, Part 6: Books for 2nd Temple & NT Study",Heiser,MS,25:56,https://nakedbiblepodcast.com/wp-content/uploads/2022/07/Naked-Bible-21.mp3,https://nakedbiblepodcast.com/wp-content/uploads/2022/07/Naked-Bible-21.pdf,bible context 2nd temple nt study
20,"Taking the Bible's Own Context Seriously, Part 5: Books for ANE and OT Study",Heiser,MS,23:37,https://nakedbiblepodcast.com/wp-content/uploads/2022/07/Naked-Bible-20.mp3,https://nakedbiblepodcast.com/wp-content/uploads/2022/07/Naked-Bible-20.pdf,bible context ane ot study
19,"Taking the Bible's Own Context Seriously, Part 4: 2nd Temple Texts in Translation",Heiser,MS,24:24,https://nakedbiblepodcast.com/wp-content/uploads/2022/07/Naked-Bible-19.mp3,https://nakedbiblepodcast.com/wp-content/uploads/2022/07/Naked-Bible-19.pdf,bible context 2nd temple texts
18,"Taking the Bible's Own Context Seriously, Part 3: ANE Texts in Translation",Heiser,MS,18:24,https://nakedbiblepodcast.com/wp-content/uploads/2022/07/Naked-Bible-18.mp3,https://nakedbiblepodcast.com/wp-content/uploads/2022/07/Naked-Bible-18.pdf,bible context ane texts
17,"Taking the Bible's Own Context Seriously",Heiser,MS,28:26,https://nakedbiblepodcast.com/wp-content/uploads/2022/07/Naked-Bible-17.mp3,https://nakedbiblepodcast.com/wp-content/uploads/2022/07/Naked-Bible-17.pdf,bible context seriously
16,"Heiser's Laws for Bible Study: Learning to Study the Bible, Part 1",Heiser,MS,16:54,https://nakedbiblepodcast.com/wp-content/uploads/2022/07/Naked-Bible-16.mp3,https://nakedbiblepodcast.com/wp-content/uploads/2022/07/Naked-Bible-16.pdf,heiser laws bible study
15,"The Lord's Supper and 1 Corinthians 8-11, Part 2",Heiser,MS,18:16,https://nakedbiblepodcast.com/wp-content/uploads/2022/07/Naked-Bible-15.mp3,https://nakedbiblepodcast.com/wp-content/uploads/2022/07/Naked-Bible-15.pdf,lord supper 1 corinthians
14,"The Lord's Supper and 1 Corinthians 8-11, Part 1",Heiser,MS,17:48,https://nakedbiblepodcast.com/wp-content/uploads/2022/07/Naked-Bible-14.mp3,https://nakedbiblepodcast.com/wp-content/uploads/2022/07/Naked-Bible-14.pdf,lord supper 1 corinthians
13,"The Lord's Supper and the Gospels, Part 2",Heiser,MS,12:12,https://nakedbiblepodcast.com/wp-content/uploads/2022/07/Naked-Bible-13.mp3,https://nakedbiblepodcast.com/wp-content/uploads/2022/07/Naked-Bible-13.pdf,lord supper gospels
12,"The Lord's Supper and the Gospels, Part 1",Heiser,MS,14:54,https://nakedbiblepodcast.com/wp-content/uploads/2022/07/Naked-Bible-12.mp3,https://nakedbiblepodcast.com/wp-content/uploads/2022/07/Naked-Bible-12.pdf,lord supper gospels
11,"Introducing the Lord's Supper Series",Heiser,MS,9:39,https://nakedbiblepodcast.com/wp-content/uploads/2022/07/Naked-Bible-11.mp3,https://nakedbiblepodcast.com/wp-content/uploads/2022/07/Naked-Bible-11.pdf,introducing lord supper series
10,"Baptism & Problem Passages: Acts 2:38",Heiser,MS,11:42,https://nakedbiblepodcast.com/wp-content/uploads/2022/07/Naked-Bible-10.mp3,https://nakedbiblepodcast.com/wp-content/uploads/2022/07/Naked-Bible-10.pdf,baptism problem passages acts
9,"Baptism & Problem Passages: Acts 22:16",Heiser,MS,13:19,https://nakedbiblepodcast.com/wp-content/uploads/2022/07/Naked-Bible-9.mp3,https://nakedbiblepodcast.com/wp-content/uploads/2022/07/Naked-Bible-9.pdf,baptism problem passages acts
8,"Baptism & Problem Passages: 1 Peter 3:14-22",Heiser,MS,13:49,https://nakedbiblepodcast.com/wp-content/uploads/2022/07/Naked-Bible-8.mp3,https://nakedbiblepodcast.com/wp-content/uploads/2022/07/Naked-Bible-8.pdf,baptism problem passages 1 peter
7,"The Mode of Baptism and the Biblical Text",Heiser,MS,16:25,https://nakedbiblepodcast.com/wp-content/uploads/2022/07/Naked-Bible-7.mp3,https://nakedbiblepodcast.com/wp-content/uploads/2022/07/Naked-Bible-7.pdf,mode baptism biblical text
6,"Applying the Baptism – Circumcision Theology to Adult or Believer's Baptism",Heiser,MS,8:06,https://nakedbiblepodcast.com/wp-content/uploads/2022/07/Naked-Bible-6.mp3,https://nakedbiblepodcast.com/wp-content/uploads/2022/07/Naked-Bible-6.pdf,baptism circumcision theology
5,"Baptism, Circumcision, and Biblical Theology",Heiser,MS,10:38,https://nakedbiblepodcast.com/wp-content/uploads/2022/07/Naked-Bible-5.mp3,https://nakedbiblepodcast.com/wp-content/uploads/2022/07/Naked-Bible-5.pdf,baptism circumcision biblical theology
4,"Baptism: Contradictions in Creeds Part 3",Heiser,MS,13:36,https://nakedbiblepodcast.com/wp-content/uploads/2022/07/Naked-Bible-4.mp3,https://nakedbiblepodcast.com/wp-content/uploads/2022/07/Naked-Bible-4.pdf,baptism contradictions creeds
3,"Baptism: Contradictions in Creeds Part 2",Heiser,MS,18:44,https://nakedbiblepodcast.com/wp-content/uploads/2022/07/Naked-Bible-3.mp3,https://nakedbiblepodcast.com/wp-content/uploads/2022/07/Naked-Bible-3.pdf,baptism contradictions creeds
2,"Baptism: Contradictions in Creeds Part 1",Heiser,MS,11:37,https://nakedbiblepodcast.com/wp-content/uploads/2022/07/Naked-Bible-2.mp3,https://nakedbiblepodcast.com/wp-content/uploads/2022/07/Naked-Bible-2.pdf,baptism contradictions creeds
1,"Baptism: What You Know May Not Be So",Heiser,MS,12:30,https://nakedbiblepodcast.com/wp-content/uploads/2022/07/Naked-Bible-1.mp3,https://nakedbiblepodcast.com/wp-content/uploads/2022/07/Naked-Bible-1.pdf,baptism
