episode_number,title,page_url,mp3_url,transcript_url
479,1 Samuel 30 31,https://nakedbiblepodcast.com/podcast/naked-bible-479-1-samuel-30-31/,https://dts.podtrac.com/redirect.mp3/nakedbiblepodcast.com/podcast-download/4192/naked-bible-479-1-samuel-30-31.mp3?ref=download,https://nakedbiblepodcast.com/wp-content/uploads/2023/09/NB-479-Transcript.pdf
478,1 Samuel 29,https://nakedbiblepodcast.com/podcast/naked-bible-478-1-samuel-29/,https://dts.podtrac.com/redirect.mp3/nakedbiblepodcast.com/podcast-download/4176/naked-bible-478-1-samuel-29.mp3?ref=download,https://nakedbiblepodcast.com/wp-content/uploads/2023/09/NB-478-Transcript.pdf
477,1 Samuel 28,https://nakedbiblepodcast.com/podcast/naked-bible-477-1-samuel-28/,https://dts.podtrac.com/redirect.mp3/nakedbiblepodcast.com/podcast-download/4132/naked-bible-477-1-samuel-28.mp3?ref=download,https://nakedbiblepodcast.com/wp-content/uploads/2023/08/NB-477-Transcript.pdf
476,1 Samuel 27,https://nakedbiblepodcast.com/podcast/naked-bible-476-1-samuel-27/,https://dts.podtrac.com/redirect.mp3/nakedbiblepodcast.com/podcast-download/4123/naked-bible-476-1-samuel-27.mp3?ref=download,https://nakedbiblepodcast.com/wp-content/uploads/2023/08/NB-476-Transcript.pdf
475,1 Samuel 26,https://nakedbiblepodcast.com/podcast/naked-bible-475-1-samuel-26/,https://dts.podtrac.com/redirect.mp3/nakedbiblepodcast.com/podcast-download/4076/naked-bible-475-1-samuel-26.mp3?ref=download,https://nakedbiblepodcast.com/wp-content/uploads/2023/08/NB-475-Transcript.pdf
474,1 Samuel 25,https://nakedbiblepodcast.com/podcast/naked-bible-474-1-samuel-25/,https://dts.podtrac.com/redirect.mp3/nakedbiblepodcast.com/podcast-download/4059/naked-bible-474-1-samuel-25.mp3?ref=download,https://nakedbiblepodcast.com/wp-content/uploads/2023/07/NB-474-Transcript.pdf
473,1 Samuel 24,https://nakedbiblepodcast.com/podcast/naked-bible-473-1-samuel-24/,https://dts.podtrac.com/redirect.mp3/nakedbiblepodcast.com/podcast-download/4037/naked-bible-473-1-samuel-24.mp3?ref=download,https://nakedbiblepodcast.com/wp-content/uploads/2023/07/NB-473-Transcript.pdf
472,1 Samuel 23,https://nakedbiblepodcast.com/podcast/naked-bible-472-1-samuel-23/,https://dts.podtrac.com/redirect.mp3/nakedbiblepodcast.com/podcast-download/4003/naked-bible-472-1-samuel-23.mp3?ref=download,https://nakedbiblepodcast.com/wp-content/uploads/2023/07/NB-472-Transcript.pdf
471,1 Samuel 22,https://nakedbiblepodcast.com/podcast/naked-bible-471-1-samuel-22/,https://dts.podtrac.com/redirect.mp3/nakedbiblepodcast.com/podcast-download/3986/naked-bible-471-1-samuel-22.mp3?ref=download,https://nakedbiblepodcast.com/wp-content/uploads/2023/07/NB-471-Transcript.pdf
470,1 Samuel 21,https://nakedbiblepodcast.com/podcast/naked-bible-470-1-samuel-21/,https://dts.podtrac.com/redirect.mp3/nakedbiblepodcast.com/podcast-download/3963/naked-bible-470-1-samuel-21.mp3?ref=download,https://nakedbiblepodcast.com/wp-content/uploads/2023/07/NB-470-Transcript.pdf
469,1 Samuel 20,https://nakedbiblepodcast.com/podcast/naked-bible-469-1-samuel-20/,https://dts.podtrac.com/redirect.mp3/nakedbiblepodcast.com/podcast-download/3942/naked-bible-469-1-samuel-20.mp3?ref=download,https://nakedbiblepodcast.com/wp-content/uploads/2023/07/NB-469-Transcript.pdf
468,Miqlat,https://nakedbiblepodcast.com/podcast/naked-bible-468-miqlat/,https://dts.podtrac.com/redirect.mp3/nakedbiblepodcast.com/podcast-download/3879/naked-bible-468-miqlat.mp3?ref=download,
467,1 Samuel 19,https://nakedbiblepodcast.com/podcast/naked-bible-467-1-samuel-19/,https://dts.podtrac.com/redirect.mp3/nakedbiblepodcast.com/podcast-download/3794/naked-bible-467-1-samuel-19.mp3?ref=download,https://nakedbiblepodcast.com/wp-content/uploads/2023/05/NB-467-Transcript.pdf
466,1 Samuel 18,https://nakedbiblepodcast.com/podcast/naked-bible-466-1-samuel-18/,https://dts.podtrac.com/redirect.mp3/nakedbiblepodcast.com/podcast-download/3793/naked-bible-466-1-samuel-18.mp3?ref=download,https://nakedbiblepodcast.com/wp-content/uploads/2023/05/NB-466-Transcript.pdf
465,1 Samuel 17,https://nakedbiblepodcast.com/podcast/naked-bible-465-1-samuel-17/,https://dts.podtrac.com/redirect.mp3/nakedbiblepodcast.com/podcast-download/3792/naked-bible-465-1-samuel-17.mp3?ref=download,https://nakedbiblepodcast.com/wp-content/uploads/2023/05/NB-465-Transcript.pdf
464,1 Samuel 16,https://nakedbiblepodcast.com/podcast/naked-bible-464-1-samuel-16/,https://dts.podtrac.com/redirect.mp3/nakedbiblepodcast.com/podcast-download/3779/naked-bible-464-1-samuel-16.mp3?ref=download,https://nakedbiblepodcast.com/wp-content/uploads/2023/05/NB-464-Transcript.pdf
463,1 Samuel 15,https://nakedbiblepodcast.com/podcast/naked-bible-463-1-samuel-15/,https://dts.podtrac.com/redirect.mp3/nakedbiblepodcast.com/podcast-download/3729/naked-bible-463-1-samuel-15.mp3?ref=download,https://nakedbiblepodcast.com/wp-content/uploads/2023/04/NB-463-Transcript.pdf
462,Honoring Dr Michael S Heiser Part 4,https://nakedbiblepodcast.com/podcast/naked-bible-462-honoring-dr-michael-s-heiser-part-4/,https://dts.podtrac.com/redirect.mp3/nakedbiblepodcast.com/podcast-download/3697/naked-bible-462-honoring-dr-michael-s-heiser-part-4.mp3?ref=download,
461,Honoring Dr Michael S Heiser Part 3,https://nakedbiblepodcast.com/podcast/naked-bible-461-honoring-dr-michael-s-heiser-part-3/,https://dts.podtrac.com/redirect.mp3/nakedbiblepodcast.com/podcast-download/3689/naked-bible-461-honoring-dr-michael-s-heiser-part-3.mp3?ref=download,
460,Honoring Dr Michael S Heiser Part 2,https://nakedbiblepodcast.com/podcast/naked-bible-460-honoring-dr-michael-s-heiser-part-2/,https://dts.podtrac.com/redirect.mp3/nakedbiblepodcast.com/podcast-download/3649/naked-bible-460-honoring-dr-michael-s-heiser-part-2.mp3?ref=download,
459,Honoring Dr Michael S Heiser,https://nakedbiblepodcast.com/podcast/naked-bible-459-honoring-dr-michael-s-heiser/,https://dts.podtrac.com/redirect.mp3/nakedbiblepodcast.com/podcast-download/3530/naked-bible-459-honoring-dr-michael-s-heiser.mp3?ref=download,
458,1 Samuel 13 14,https://nakedbiblepodcast.com/podcast/naked-bible-458-1-samuel-13-14/,https://dts.podtrac.com/redirect.mp3/nakedbiblepodcast.com/podcast-download/3469/naked-bible-458-1-samuel-13-14.mp3?ref=download,https://nakedbiblepodcast.com/wp-content/uploads/2023/01/NB-458-Transcript.pdf
457,1 Samuel 12,https://nakedbiblepodcast.com/podcast/naked-bible-457-1-samuel-12/,https://dts.podtrac.com/redirect.mp3/nakedbiblepodcast.com/podcast-download/3460/naked-bible-457-1-samuel-12.mp3?ref=download,https://nakedbiblepodcast.com/wp-content/uploads/2023/01/NB-457-Transcript.pdf
456,1 Samuel 11,https://nakedbiblepodcast.com/podcast/naked-bible-456-1-samuel-11/,https://dts.podtrac.com/redirect.mp3/nakedbiblepodcast.com/podcast-download/3455/naked-bible-456-1-samuel-11.mp3?ref=download,https://nakedbiblepodcast.com/wp-content/uploads/2022/12/NB-456-Transcript.pdf
455,1 Samuel 8 10 Part 2,https://nakedbiblepodcast.com/podcast/naked-bible-455-1-samuel-8-10-part-2/,https://dts.podtrac.com/redirect.mp3/nakedbiblepodcast.com/podcast-download/3453/naked-bible-455-1-samuel-8-10-part-2.mp3?ref=download,https://nakedbiblepodcast.com/wp-content/uploads/2022/12/NB-455-Transcript.pdf
454,1 Samuel 8 10 Part 1,https://nakedbiblepodcast.com/podcast/naked-bible-454-1-samuel-8-10-part-1/,https://dts.podtrac.com/redirect.mp3/nakedbiblepodcast.com/podcast-download/3450/naked-bible-454-1-samuel-8-10-part-1.mp3?ref=download,https://nakedbiblepodcast.com/wp-content/uploads/2022/12/NB-454-Transcript.pdf
453,1 Samuel 7,https://nakedbiblepodcast.com/podcast/naked-bible-453-1-samuel-7/,https://dts.podtrac.com/redirect.mp3/nakedbiblepodcast.com/podcast-download/3443/naked-bible-453-1-samuel-7.mp3?ref=download,https://nakedbiblepodcast.com/wp-content/uploads/2022/12/NB-453-Transcript.pdf
452,Counterfeit Kingdom,https://nakedbiblepodcast.com/podcast/naked-bible-452-counterfeit-kingdom/,https://dts.podtrac.com/redirect.mp3/nakedbiblepodcast.com/podcast-download/3437/naked-bible-452-counterfeit-kingdom.mp3?ref=download,https://nakedbiblepodcast.com/wp-content/uploads/2022/12/NB-452-Transcript-.pdf
451,1 Samuel 5 6,https://nakedbiblepodcast.com/podcast/naked-bible-451-1-samuel-5-6/,https://dts.podtrac.com/redirect.mp3/nakedbiblepodcast.com/podcast-download/3435/naked-bible-451-1-samuel-5-6.mp3?ref=download,https://nakedbiblepodcast.com/wp-content/uploads/2022/11/NB-451-Transcript.pdf
450,1 Samuel 4,https://nakedbiblepodcast.com/podcast/naked-bible-450-1-samuel-4/,https://dts.podtrac.com/redirect.mp3/nakedbiblepodcast.com/podcast-download/3429/naked-bible-450-1-samuel-4.mp3?ref=download,https://nakedbiblepodcast.com/wp-content/uploads/2022/11/NB-450-Transcript.pdf
449,1 Samuel 3,https://nakedbiblepodcast.com/podcast/naked-bible-449-1-samuel-3/,https://dts.podtrac.com/redirect.mp3/nakedbiblepodcast.com/podcast-download/3424/naked-bible-449-1-samuel-3.mp3?ref=download,https://nakedbiblepodcast.com/wp-content/uploads/2022/10/NB-449-Transcript.pdf
448,1 Samuel 212 36,https://nakedbiblepodcast.com/podcast/naked-bible-448-1-samuel-212-36/,https://dts.podtrac.com/redirect.mp3/nakedbiblepodcast.com/podcast-download/3416/naked-bible-448-1-samuel-212-36.mp3?ref=download,https://nakedbiblepodcast.com/wp-content/uploads/2022/10/NB-448-Transcript.pdf
447,1 Samuel 11 211,https://nakedbiblepodcast.com/podcast/naked-bible-447-1-samuel-11-211/,https://dts.podtrac.com/redirect.mp3/nakedbiblepodcast.com/podcast-download/3415/naked-bible-447-1-samuel-11-211.mp3?ref=download,https://nakedbiblepodcast.com/wp-content/uploads/2022/10/NB-447-Transcript.pdf
446,1 Samuel Introduction,https://nakedbiblepodcast.com/podcast/naked-bible-446-1-samuel-introduction/,https://dts.podtrac.com/redirect.mp3/nakedbiblepodcast.com/podcast-download/3408/naked-bible-446-1-samuel-introduction.mp3?ref=download,https://nakedbiblepodcast.com/wp-content/uploads/2022/10/NB-446-Transcript.pdf
445,Qa 57,https://nakedbiblepodcast.com/podcast/naked-bible-445-qa-57/,https://dts.podtrac.com/redirect.mp3/nakedbiblepodcast.com/podcast-download/3390/naked-bible-445-qa-57.mp3?ref=download,https://nakedbiblepodcast.com/wp-content/uploads/2022/10/NB-445-Transcript.pdf
444,Qa 56,https://nakedbiblepodcast.com/podcast/naked-bible-444-qa-56/,https://dts.podtrac.com/redirect.mp3/nakedbiblepodcast.com/podcast-download/3389/naked-bible-444-qa-56.mp3?ref=download,https://nakedbiblepodcast.com/wp-content/uploads/2022/09/NB-444-Transcript.pdf
443,Jude Qa Part 2,https://nakedbiblepodcast.com/podcast/naked-bible-443-jude-qa-part-2/,https://dts.podtrac.com/redirect.mp3/nakedbiblepodcast.com/podcast-download/3388/naked-bible-443-jude-qa-part-2.mp3?ref=download,https://nakedbiblepodcast.com/wp-content/uploads/2022/09/NB-443-Transcript.pdf
442,Jude Qa Part 1,https://nakedbiblepodcast.com/podcast/naked-bible-442-jude-qa-part-1/,https://dts.podtrac.com/redirect.mp3/nakedbiblepodcast.com/podcast-download/3385/naked-bible-442-jude-qa-part-1.mp3?ref=download,https://nakedbiblepodcast.com/wp-content/uploads/2022/09/NB-442-Transcript.pdf
441,The Afterlife Part 2,https://nakedbiblepodcast.com/podcast/naked-bible-441-the-afterlife-part-2/,https://dts.podtrac.com/redirect.mp3/nakedbiblepodcast.com/podcast-download/3384/naked-bible-441-the-afterlife-part-2.mp3?ref=download,https://nakedbiblepodcast.com/wp-content/uploads/2022/09/NB-441-Transcript.pdf
440,The Afterlife Part 1,https://nakedbiblepodcast.com/podcast/naked-bible-440-the-afterlife-part-1/,https://dts.podtrac.com/redirect.mp3/nakedbiblepodcast.com/podcast-download/3383/naked-bible-440-the-afterlife-part-1.mp3?ref=download,https://nakedbiblepodcast.com/wp-content/uploads/2022/09/NB-440-Transcript.pdf
439,The Epistle Of Jude Part 8,https://nakedbiblepodcast.com/podcast/naked-bible-439-the-epistle-of-jude-part-8/,https://dts.podtrac.com/redirect.mp3/nakedbiblepodcast.com/podcast-download/3377/naked-bible-439-the-epistle-of-jude-part-8.mp3?ref=download,https://nakedbiblepodcast.com/wp-content/uploads/2022/08/NB-439-Transcript.pdf
438,The Epistle Of Jude Part 7,https://nakedbiblepodcast.com/podcast/naked-bible-438-the-epistle-of-jude-part-7/,https://dts.podtrac.com/redirect.mp3/nakedbiblepodcast.com/podcast-download/3373/naked-bible-438-the-epistle-of-jude-part-7.mp3?ref=download,https://nakedbiblepodcast.com/wp-content/uploads/2022/08/NB-438-Transcript.pdf
437,The Epistle Of Jude Part 6,https://nakedbiblepodcast.com/podcast/naked-bible-437-the-epistle-of-jude-part-6/,https://dts.podtrac.com/redirect.mp3/nakedbiblepodcast.com/podcast-download/3371/naked-bible-437-the-epistle-of-jude-part-6.mp3?ref=download,https://nakedbiblepodcast.com/wp-content/uploads/2022/08/NB-437-Transcript.pdf
436,The Epistle Of Jude Part 5,https://nakedbiblepodcast.com/podcast/naked-bible-436-the-epistle-of-jude-part-5/,https://dts.podtrac.com/redirect.mp3/nakedbiblepodcast.com/podcast-download/3366/naked-bible-436-the-epistle-of-jude-part-5.mp3?ref=download,https://nakedbiblepodcast.com/wp-content/uploads/2022/08/NB-436-Transcript.pdf
435,The Epistle Of Jude Part 4,https://nakedbiblepodcast.com/podcast/naked-bible-435-the-epistle-of-jude-part-4/,https://dts.podtrac.com/redirect.mp3/nakedbiblepodcast.com/podcast-download/3360/naked-bible-435-the-epistle-of-jude-part-4.mp3?ref=download,https://nakedbiblepodcast.com/wp-content/uploads/2022/07/NB-435-Transcript.pdf
434,The Epistle Of Jude Part 3,https://nakedbiblepodcast.com/podcast/naked-bible-434-the-epistle-of-jude-part-3/,https://dts.podtrac.com/redirect.mp3/nakedbiblepodcast.com/podcast-download/3350/naked-bible-434-the-epistle-of-jude-part-3.mp3?ref=download,https://nakedbiblepodcast.com/wp-content/uploads/2022/07/NB-434-Transcript-1.pdf
433,The Epistle Of Jude Part 2,https://nakedbiblepodcast.com/podcast/naked-bible-433-the-epistle-of-jude-part-2/,https://dts.podtrac.com/redirect.mp3/nakedbiblepodcast.com/podcast-download/3349/naked-bible-433-the-epistle-of-jude-part-2.mp3?ref=download,https://nakedbiblepodcast.com/wp-content/uploads/2022/07/NB-433-Transcript.pdf
432,The Epistle Of Jude Part 1,https://nakedbiblepodcast.com/podcast/naked-bible-432-the-epistle-of-jude-part-1/,https://dts.podtrac.com/redirect.mp3/nakedbiblepodcast.com/podcast-download/3344/naked-bible-432-the-epistle-of-jude-part-1.mp3?ref=download,https://nakedbiblepodcast.com/wp-content/uploads/2022/07/NB-432-Transcript.pdf
431,Qa 55,https://nakedbiblepodcast.com/podcast/naked-bible-431-qa-55/,https://dts.podtrac.com/redirect.mp3/nakedbiblepodcast.com/podcast-download/3337/naked-bible-431-qa-55.mp3?ref=download,https://nakedbiblepodcast.com/wp-content/uploads/2022/06/NB-431-Transcript.pdf
430,John Walton On Demons And Spirits,https://nakedbiblepodcast.com/podcast/naked-bible-430-john-walton-on-demons-and-spirits/,https://dts.podtrac.com/redirect.mp3/nakedbiblepodcast.com/podcast-download/3333/naked-bible-430-john-walton-on-demons-and-spirits.mp3?ref=download,https://nakedbiblepodcast.com/wp-content/uploads/2022/06/NB-430-Transcript.pdf
429,Hollywood Heroes,https://nakedbiblepodcast.com/podcast/naked-bible-429-hollywood-heroes/,https://dts.podtrac.com/redirect.mp3/nakedbiblepodcast.com/podcast-download/3331/naked-bible-429-hollywood-heroes.mp3?ref=download,https://nakedbiblepodcast.com/wp-content/uploads/2022/06/NB-429-Transcript.pdf
428,Qa 54,https://nakedbiblepodcast.com/podcast/naked-bible-428-qa-54/,https://dts.podtrac.com/redirect.mp3/nakedbiblepodcast.com/podcast-download/3315/naked-bible-428-qa-54.mp3?ref=download,https://nakedbiblepodcast.com/wp-content/uploads/2022/06/NB-428-Transcript.pdf
427,Qa 53,https://nakedbiblepodcast.com/podcast/naked-bible-427-qa-53/,https://dts.podtrac.com/redirect.mp3/nakedbiblepodcast.com/podcast-download/3314/naked-bible-427-qa-53.mp3?ref=download,https://nakedbiblepodcast.com/wp-content/uploads/2022/05/NB-427-Transcript.pdf
426,Qa 52,https://nakedbiblepodcast.com/podcast/naked-bible-426-qa-52/,https://dts.podtrac.com/redirect.mp3/nakedbiblepodcast.com/podcast-download/3311/naked-bible-426-qa-52.mp3?ref=download,https://nakedbiblepodcast.com/wp-content/uploads/2022/05/NB-426-Transcript.pdf
425,Qa 51,https://nakedbiblepodcast.com/podcast/naked-bible-425-qa-51/,https://dts.podtrac.com/redirect.mp3/nakedbiblepodcast.com/podcast-download/3310/naked-bible-425-qa-51.mp3?ref=download,https://nakedbiblepodcast.com/wp-content/uploads/2022/05/NB-425-Transcript.pdf
424,Qa 50,https://nakedbiblepodcast.com/podcast/naked-bible-424-qa-50/,https://dts.podtrac.com/redirect.mp3/nakedbiblepodcast.com/podcast-download/3302/naked-bible-424-qa-50.mp3?ref=download,https://nakedbiblepodcast.com/wp-content/uploads/2022/05/NB-424-Transcript.pdf
423,The Queen Of Heaven,https://nakedbiblepodcast.com/podcast/naked-bible-423-the-queen-of-heaven/,https://dts.podtrac.com/redirect.mp3/nakedbiblepodcast.com/podcast-download/3297/naked-bible-423-the-queen-of-heaven.mp3?ref=download,https://nakedbiblepodcast.com/wp-content/uploads/2022/05/NB-423-Transcript.pdf
422,Pauls Use Of The Old Testament Series Romans 12 16,https://nakedbiblepodcast.com/podcast/naked-bible-422-pauls-use-of-the-old-testament-series-romans-12-16/,https://dts.podtrac.com/redirect.mp3/nakedbiblepodcast.com/podcast-download/3283/naked-bible-422-pauls-use-of-the-old-testament-series-romans-12-16.mp3?ref=download,https://nakedbiblepodcast.com/wp-content/uploads/2022/04/NB-422-Transcript.pdf
421,Pauls Use Of The Old Testament Series Romans 9 11,https://nakedbiblepodcast.com/podcast/naked-bible-421-pauls-use-of-the-old-testament-series-romans-9-11/,https://dts.podtrac.com/redirect.mp3/nakedbiblepodcast.com/podcast-download/3277/naked-bible-421-pauls-use-of-the-old-testament-series-romans-9-11.mp3?ref=download,https://nakedbiblepodcast.com/wp-content/uploads/2022/04/NB-421-Transcript.pdf
420,Pauls Use Of The Old Testament Series Romans 4,https://nakedbiblepodcast.com/podcast/naked-bible-420-pauls-use-of-the-old-testament-series-romans-4/,https://dts.podtrac.com/redirect.mp3/nakedbiblepodcast.com/podcast-download/3276/naked-bible-420-pauls-use-of-the-old-testament-series-romans-4.mp3?ref=download,https://nakedbiblepodcast.com/wp-content/uploads/2022/04/NB-420-Transcript.pdf
419,Pauls Use Of The Old Testament Series Romans 1 3,https://nakedbiblepodcast.com/podcast/naked-bible-419-pauls-use-of-the-old-testament-series-romans-1-3/,https://dts.podtrac.com/redirect.mp3/nakedbiblepodcast.com/podcast-download/3274/naked-bible-419-pauls-use-of-the-old-testament-series-romans-1-3.mp3?ref=download,https://nakedbiblepodcast.com/wp-content/uploads/2022/04/NB-419-Transcript.pdf
418,Pauls Use Of The Old Testament Series Malachi And Romans,https://nakedbiblepodcast.com/podcast/naked-bible-418-pauls-use-of-the-old-testament-series-malachi-and-romans/,https://dts.podtrac.com/redirect.mp3/nakedbiblepodcast.com/podcast-download/3263/naked-bible-418-pauls-use-of-the-old-testament-series-malachi-and-romans.mp3?ref=download,https://nakedbiblepodcast.com/wp-content/uploads/2022/03/NB-418-Transcript.pdf
417,Pauls Use Of The Old Testament Series The Messiahs In Daniel 9,https://nakedbiblepodcast.com/podcast/naked-bible-417-pauls-use-of-the-old-testament-series-the-messiahs-in-daniel-9/,https://dts.podtrac.com/redirect.mp3/nakedbiblepodcast.com/podcast-download/3253/naked-bible-417-pauls-use-of-the-old-testament-series-the-messiahs-in-daniel-9.mp3?ref=download,https://nakedbiblepodcast.com/wp-content/uploads/2022/03/NB-417-Transcript.pdf
416,Pauls Use Of The Old Testament Series The Son Of Man In Daniel 7,https://nakedbiblepodcast.com/podcast/naked-bible-416-pauls-use-of-the-old-testament-series-the-son-of-man-in-daniel-7/,https://dts.podtrac.com/redirect.mp3/nakedbiblepodcast.com/podcast-download/3252/naked-bible-416-pauls-use-of-the-old-testament-series-the-son-of-man-in-daniel-7.mp3?ref=download,https://nakedbiblepodcast.com/wp-content/uploads/2022/03/NB-416-Transcript.pdf
415,Pauls Use Of The Old Testament Series The Messianic Story Part 3,https://nakedbiblepodcast.com/podcast/naked-bible-415-pauls-use-of-the-old-testament-series-the-messianic-story-part-3/,https://dts.podtrac.com/redirect.mp3/nakedbiblepodcast.com/podcast-download/3250/naked-bible-415-pauls-use-of-the-old-testament-series-the-messianic-story-part-3.mp3?ref=download,https://nakedbiblepodcast.com/wp-content/uploads/2022/03/NB-415-Transcript.pdf
414,Pauls Use Of The Old Testament Series The Messianic Story Part 2,https://nakedbiblepodcast.com/podcast/naked-bible-414-pauls-use-of-the-old-testament-series-the-messianic-story-part-2/,https://dts.podtrac.com/redirect.mp3/nakedbiblepodcast.com/podcast-download/3249/naked-bible-414-pauls-use-of-the-old-testament-series-the-messianic-story-part-2.mp3?ref=download,https://nakedbiblepodcast.com/wp-content/uploads/2022/03/NB-414-Transcript.pdf
413,Pauls Use Of The Old Testament Series The Messianic Story Part 1,https://nakedbiblepodcast.com/podcast/naked-bible-413-pauls-use-of-the-old-testament-series-the-messianic-story-part-1/,https://dts.podtrac.com/redirect.mp3/nakedbiblepodcast.com/podcast-download/3248/naked-bible-413-pauls-use-of-the-old-testament-series-the-messianic-story-part-1.mp3?ref=download,https://nakedbiblepodcast.com/wp-content/uploads/2022/02/NB-413-Transcript.pdf
412,Pauls Use Of The Old Testament Series Messiah,https://nakedbiblepodcast.com/podcast/naked-bible-412-pauls-use-of-the-old-testament-series-messiah/,https://dts.podtrac.com/redirect.mp3/nakedbiblepodcast.com/podcast-download/3233/naked-bible-412-pauls-use-of-the-old-testament-series-messiah.mp3?ref=download,https://nakedbiblepodcast.com/wp-content/uploads/2022/02/NB-412-Transcript.pdf
411,Pauls Use Of The Old Testament Series Introduction,https://nakedbiblepodcast.com/podcast/naked-bible-411-pauls-use-of-the-old-testament-series-introduction/,https://dts.podtrac.com/redirect.mp3/nakedbiblepodcast.com/podcast-download/3232/naked-bible-411-pauls-use-of-the-old-testament-series-introduction.mp3?ref=download,https://nakedbiblepodcast.com/wp-content/uploads/2022/02/NB-411-Transcript.pdf
410,Qa 49,https://nakedbiblepodcast.com/podcast/naked-bible-410-qa-49/,https://dts.podtrac.com/redirect.mp3/nakedbiblepodcast.com/podcast-download/3231/naked-bible-410-qa-49.mp3?ref=download,https://nakedbiblepodcast.com/wp-content/uploads/2022/02/NB-410-Transcript.pdf
409,Qa 48,https://nakedbiblepodcast.com/podcast/naked-bible-409-qa-48/,https://dts.podtrac.com/redirect.mp3/nakedbiblepodcast.com/podcast-download/3229/naked-bible-409-qa-48.mp3?ref=download,https://nakedbiblepodcast.com/wp-content/uploads/2022/01/NB-409-Transcript.pdf
408,Jesus And The Old Testament,https://nakedbiblepodcast.com/podcast/naked-bible-408-jesus-and-the-old-testament/,https://dts.podtrac.com/redirect.mp3/nakedbiblepodcast.com/podcast-download/3202/naked-bible-408-jesus-and-the-old-testament.mp3?ref=download,https://nakedbiblepodcast.com/wp-content/uploads/2022/01/NB-408-Transcript.pdf
407,Exodus Old And New,https://nakedbiblepodcast.com/podcast/naked-bible-407-exodus-old-and-new/,https://dts.podtrac.com/redirect.mp3/nakedbiblepodcast.com/podcast-download/3200/naked-bible-407-exodus-old-and-new.mp3?ref=download,https://nakedbiblepodcast.com/wp-content/uploads/2022/01/NB-407-Transcript.pdf
406,Year Ahead,https://nakedbiblepodcast.com/podcast/naked-bible-406-year-ahead/,https://dts.podtrac.com/redirect.mp3/nakedbiblepodcast.com/podcast-download/3212/naked-bible-406-year-ahead.mp3?ref=download,https://nakedbiblepodcast.com/wp-content/uploads/2022/01/NB-406-Transcript.pdf
405,Revelation Qa Part 6,https://nakedbiblepodcast.com/podcast/naked-bible-405-revelation-qa-part-6/,https://dts.podtrac.com/redirect.mp3/nakedbiblepodcast.com/podcast-download/3188/naked-bible-405-revelation-qa-part-6.mp3?ref=download,https://nakedbiblepodcast.com/wp-content/uploads/2022/01/NB-405-Transcript.pdf
404,Revelation Qa Part 5,https://nakedbiblepodcast.com/podcast/naked-bible-404-revelation-qa-part-5/,https://dts.podtrac.com/redirect.mp3/nakedbiblepodcast.com/podcast-download/3187/naked-bible-404-revelation-qa-part-5.mp3?ref=download,https://nakedbiblepodcast.com/wp-content/uploads/2021/12/NB-404-Transcript.pdf
403,Revelation Qa Part 4,https://nakedbiblepodcast.com/podcast/naked-bible-403-revelation-qa-part-4/,https://dts.podtrac.com/redirect.mp3/nakedbiblepodcast.com/podcast-download/3186/naked-bible-403-revelation-qa-part-4.mp3?ref=download,https://nakedbiblepodcast.com/wp-content/uploads/2021/12/NB-403-Transcript.pdf
402,Revelation Qa Part 3,https://nakedbiblepodcast.com/podcast/naked-bible-402-revelation-qa-part-3/,https://dts.podtrac.com/redirect.mp3/nakedbiblepodcast.com/podcast-download/3185/naked-bible-402-revelation-qa-part-3.mp3?ref=download,https://nakedbiblepodcast.com/wp-content/uploads/2021/12/NB-402-Transcript.pdf
401,Revelation Qa Part 2,https://nakedbiblepodcast.com/podcast/naked-bible-401-revelation-qa-part-2/,https://dts.podtrac.com/redirect.mp3/nakedbiblepodcast.com/podcast-download/3177/naked-bible-401-revelation-qa-part-2.mp3?ref=download,https://nakedbiblepodcast.com/wp-content/uploads/2021/12/NB-401-Transcript.pdf
400,Revelation Qa Part 1,https://nakedbiblepodcast.com/podcast/naked-bible-400-revelation-qa-part-1/,https://dts.podtrac.com/redirect.mp3/nakedbiblepodcast.com/podcast-download/3176/naked-bible-400-revelation-qa-part-1.mp3?ref=download,https://nakedbiblepodcast.com/wp-content/uploads/2021/12/NB-400-Transcript.pdf
399,Miracles Today,https://nakedbiblepodcast.com/podcast/naked-bible-399-miracles-today/,https://dts.podtrac.com/redirect.mp3/nakedbiblepodcast.com/podcast-download/3166/naked-bible-399-miracles-today.mp3?ref=download,https://nakedbiblepodcast.com/wp-content/uploads/2021/11/NB-399-Transcript.pdf
398,Beginner Guides To New Testament Studies,https://nakedbiblepodcast.com/podcast/naked-bible-398-beginner-guides-to-new-testament-studies/,https://dts.podtrac.com/redirect.mp3/nakedbiblepodcast.com/podcast-download/3165/naked-bible-398-beginner-guides-to-new-testament-studies.mp3?ref=download,https://nakedbiblepodcast.com/wp-content/uploads/2021/11/NB-398-Transcript.pdf
397,Revelation 21 22 Part 2,https://nakedbiblepodcast.com/podcast/naked-bible-397-revelation-21-22-part-2/,https://dts.podtrac.com/redirect.mp3/nakedbiblepodcast.com/podcast-download/3160/naked-bible-397-revelation-21-22-part-2.mp3?ref=download,https://nakedbiblepodcast.com/wp-content/uploads/2021/11/NB-397-Transcript.pdf
396,Revelation 21 22 Part 1,https://nakedbiblepodcast.com/podcast/naked-bible-396-revelation-21-22-part-1/,https://dts.podtrac.com/redirect.mp3/nakedbiblepodcast.com/podcast-download/3158/naked-bible-396-revelation-21-22-part-1.mp3?ref=download,https://nakedbiblepodcast.com/wp-content/uploads/2021/10/NB-396-Transcript.pdf
395,The New Perspective On Paul,https://nakedbiblepodcast.com/podcast/naked-bible-395-the-new-perspective-on-paul/,https://dts.podtrac.com/redirect.mp3/nakedbiblepodcast.com/podcast-download/3148/naked-bible-395-the-new-perspective-on-paul.mp3?ref=download,https://nakedbiblepodcast.com/wp-content/uploads/2021/10/NB-395-Transcript.pdf
394,Saved By Grace Or Judged According To Works,https://nakedbiblepodcast.com/podcast/naked-bible-394-saved-by-grace-or-judged-according-to-works/,https://dts.podtrac.com/redirect.mp3/nakedbiblepodcast.com/podcast-download/3147/naked-bible-394-saved-by-grace-or-judged-according-to-works.mp3?ref=download,https://nakedbiblepodcast.com/wp-content/uploads/2021/10/NB-394-Transcript.pdf
393,Revelation 20,https://nakedbiblepodcast.com/podcast/naked-bible-393-revelation-20/,https://dts.podtrac.com/redirect.mp3/nakedbiblepodcast.com/podcast-download/3140/naked-bible-393-revelation-20.mp3?ref=download,https://nakedbiblepodcast.com/wp-content/uploads/2021/10/NB-393-Transcript.pdf
392,Revelation 19 Part 2,https://nakedbiblepodcast.com/podcast/naked-bible-392-revelation-19-part-2/,https://dts.podtrac.com/redirect.mp3/nakedbiblepodcast.com/podcast-download/3139/naked-bible-392-revelation-19-part-2.mp3?ref=download,https://nakedbiblepodcast.com/wp-content/uploads/2021/09/NB-392-Transcript.pdf
391,Revelation 19 Part 1,https://nakedbiblepodcast.com/podcast/naked-bible-391-revelation-19-part-1/,https://dts.podtrac.com/redirect.mp3/nakedbiblepodcast.com/podcast-download/3132/naked-bible-391-revelation-19-part-1.mp3?ref=download,https://nakedbiblepodcast.com/wp-content/uploads/2021/09/NB-391-Transcript.pdf
390,Revelation 17 18,https://nakedbiblepodcast.com/podcast/naked-bible-390-revelation-17-18/,https://dts.podtrac.com/redirect.mp3/nakedbiblepodcast.com/podcast-download/3125/naked-bible-390-revelation-17-18.mp3?ref=download,https://nakedbiblepodcast.com/wp-content/uploads/2021/09/NB-390-Transcript.pdf
389,Revelation 15 16,https://nakedbiblepodcast.com/podcast/naked-bible-389-revelation-15-16/,https://dts.podtrac.com/redirect.mp3/nakedbiblepodcast.com/podcast-download/3121/naked-bible-389-revelation-15-16.mp3?ref=download,https://nakedbiblepodcast.com/wp-content/uploads/2021/08/NB-389-Transcript.pdf
388,Evangelical Theology,https://nakedbiblepodcast.com/podcast/naked-bible-388-evangelical-theology/,https://dts.podtrac.com/redirect.mp3/nakedbiblepodcast.com/podcast-download/3057/naked-bible-388-evangelical-theology.mp3?ref=download,https://nakedbiblepodcast.com/wp-content/uploads/2021/08/NB-388-Transcript.pdf
387,Qa 47,https://nakedbiblepodcast.com/podcast/naked-bible-387-qa-47/,https://dts.podtrac.com/redirect.mp3/nakedbiblepodcast.com/podcast-download/3099/naked-bible-387-qa-47.mp3?ref=download,https://nakedbiblepodcast.com/wp-content/uploads/2021/08/NB-387-Transcript.pdf
386,Messiah Son Of Joseph,https://nakedbiblepodcast.com/podcast/naked-bible-386-messiah-son-of-joseph/,https://dts.podtrac.com/redirect.mp3/nakedbiblepodcast.com/podcast-download/3098/naked-bible-386-messiah-son-of-joseph.mp3?ref=download,https://nakedbiblepodcast.com/wp-content/uploads/2021/07/NB-386-Transcript.pdf
385,The Psalms And Eschatology,https://nakedbiblepodcast.com/podcast/naked-bible-385-the-psalms-and-eschatology/,https://dts.podtrac.com/redirect.mp3/nakedbiblepodcast.com/podcast-download/3097/naked-bible-385-the-psalms-and-eschatology.mp3?ref=download,https://nakedbiblepodcast.com/wp-content/uploads/2021/07/NB-385-Transcript-1.pdf
384,Revelation 14,https://nakedbiblepodcast.com/podcast/naked-bible-384-revelation-14/,https://dts.podtrac.com/redirect.mp3/nakedbiblepodcast.com/podcast-download/3091/naked-bible-384-revelation-14.mp3?ref=download,https://nakedbiblepodcast.com/wp-content/uploads/2021/07/NB-384-Transcript.pdf
383,Revelation 13,https://nakedbiblepodcast.com/podcast/naked-bible-383-revelation-13/,https://dts.podtrac.com/redirect.mp3/nakedbiblepodcast.com/podcast-download/3090/naked-bible-383-revelation-13.mp3?ref=download,https://nakedbiblepodcast.com/wp-content/uploads/2021/07/NB-383-Transcript.pdf
382,Revelation 12,https://nakedbiblepodcast.com/podcast/naked-bible-382-revelation-12/,https://dts.podtrac.com/redirect.mp3/nakedbiblepodcast.com/podcast-download/3086/naked-bible-382-revelation-12.mp3?ref=download,https://nakedbiblepodcast.com/wp-content/uploads/2021/06/NB-382-Transcript.pdf
381,Revelation 11,https://nakedbiblepodcast.com/podcast/naked-bible-381-revelation-11/,https://dts.podtrac.com/redirect.mp3/nakedbiblepodcast.com/podcast-download/3077/naked-bible-381-revelation-11.mp3?ref=download,https://nakedbiblepodcast.com/wp-content/uploads/2021/06/NB-381-Transcript.pdf
380,Qa 46,https://nakedbiblepodcast.com/podcast/naked-bible-380-qa-46/,https://dts.podtrac.com/redirect.mp3/nakedbiblepodcast.com/podcast-download/3058/naked-bible-380-qa-46.mp3?ref=download,https://nakedbiblepodcast.com/wp-content/uploads/2021/06/NB-380-Transcript.pdf
379,The Bedrock Of Christianity,https://nakedbiblepodcast.com/podcast/naked-bible-379-the-bedrock-of-christianity/,https://dts.podtrac.com/redirect.mp3/nakedbiblepodcast.com/podcast-download/3069/naked-bible-379-the-bedrock-of-christianity.mp3?ref=download,https://nakedbiblepodcast.com/wp-content/uploads/2021/06/NB-379-Transcript.pdf
378,Revelation 10,https://nakedbiblepodcast.com/podcast/naked-bible-378-revelation-10/,https://dts.podtrac.com/redirect.mp3/nakedbiblepodcast.com/podcast-download/3061/naked-bible-378-revelation-10.mp3?ref=download,https://nakedbiblepodcast.com/wp-content/uploads/2021/06/NB-378-Transcript.pdf
377,Revelation 9,https://nakedbiblepodcast.com/podcast/naked-bible-377-revelation-9/,https://dts.podtrac.com/redirect.mp3/nakedbiblepodcast.com/podcast-download/3056/naked-bible-377-revelation-9.mp3?ref=download,https://nakedbiblepodcast.com/wp-content/uploads/2021/05/NB-377-Transcript.pdf
376,Revelation 87 13,https://nakedbiblepodcast.com/podcast/naked-bible-376-revelation-87-13/,https://dts.podtrac.com/redirect.mp3/nakedbiblepodcast.com/podcast-download/3055/naked-bible-376-revelation-87-13.mp3?ref=download,https://nakedbiblepodcast.com/wp-content/uploads/2021/05/NB-376-Transcript.pdf
375,Revelation 81 6,https://nakedbiblepodcast.com/podcast/naked-bible-375-revelation-81-6/,https://dts.podtrac.com/redirect.mp3/nakedbiblepodcast.com/podcast-download/3044/naked-bible-375-revelation-81-6.mp3?ref=download,https://nakedbiblepodcast.com/wp-content/uploads/2021/05/NB-375-Transcript.pdf
374,Qa 45,https://nakedbiblepodcast.com/podcast/naked-bible-374-qa-45/,https://dts.podtrac.com/redirect.mp3/nakedbiblepodcast.com/podcast-download/3041/naked-bible-374-qa-45.mp3?ref=download,https://nakedbiblepodcast.com/wp-content/uploads/2021/05/NB-374-Transcript.pdf
373,Revelation 7 Part 2,https://nakedbiblepodcast.com/podcast/naked-bible-373-revelation-7-part-2/,https://dts.podtrac.com/redirect.mp3/nakedbiblepodcast.com/podcast-download/3040/naked-bible-373-revelation-7-part-2.mp3?ref=download,https://nakedbiblepodcast.com/wp-content/uploads/2021/05/NB-373-Transcript.pdf
372,Revelation 7 Part 1,https://nakedbiblepodcast.com/podcast/naked-bible-372-revelation-7-part-1/,https://dts.podtrac.com/redirect.mp3/nakedbiblepodcast.com/podcast-download/3024/naked-bible-372-revelation-7-part-1.mp3?ref=download,https://nakedbiblepodcast.com/wp-content/uploads/2021/05/NB-372-Transcript.pdf
371,Reading Moses Seeing Jesus,https://nakedbiblepodcast.com/podcast/naked-bible-371-reading-moses-seeing-jesus/,https://dts.podtrac.com/redirect.mp3/nakedbiblepodcast.com/podcast-download/3032/naked-bible-371-reading-moses-seeing-jesus.mp3?ref=download,https://nakedbiblepodcast.com/wp-content/uploads/2021/04/NB-371-Transcript.pdf
370,Revelation 6,https://nakedbiblepodcast.com/podcast/naked-bible-370-revelation-6/,https://dts.podtrac.com/redirect.mp3/nakedbiblepodcast.com/podcast-download/3019/naked-bible-370-revelation-6.mp3?ref=download,https://nakedbiblepodcast.com/wp-content/uploads/2021/04/NB-370-Transcript.pdf
369,Revelation 5,https://nakedbiblepodcast.com/podcast/naked-bible-369-revelation-5/,https://dts.podtrac.com/redirect.mp3/nakedbiblepodcast.com/podcast-download/3016/naked-bible-369-revelation-5.mp3?ref=download,https://nakedbiblepodcast.com/wp-content/uploads/2021/04/NB-369-Transcript.pdf
368,Revelation 4 Part 3,https://nakedbiblepodcast.com/podcast/naked-bible-368-revelation-4-part-3/,https://dts.podtrac.com/redirect.mp3/nakedbiblepodcast.com/podcast-download/3012/naked-bible-368-revelation-4-part-3.mp3?ref=download,https://nakedbiblepodcast.com/wp-content/uploads/2021/03/NB-368-Transcript.pdf
367,Revelation 4 Part 2,https://nakedbiblepodcast.com/podcast/naked-bible-367-revelation-4-part-2/,https://dts.podtrac.com/redirect.mp3/nakedbiblepodcast.com/podcast-download/3009/naked-bible-367-revelation-4-part-2.mp3?ref=download,https://nakedbiblepodcast.com/wp-content/uploads/2021/03/NB-367-Transcript.pdf
366,Revelation 4 Part 1,https://nakedbiblepodcast.com/podcast/naked-bible-366-revelation-4-part-1/,https://dts.podtrac.com/redirect.mp3/nakedbiblepodcast.com/podcast-download/3003/naked-bible-366-revelation-4-part-1.mp3?ref=download,https://nakedbiblepodcast.com/wp-content/uploads/2021/03/NB-366-Transcript.pdf
365,Qa 44,https://nakedbiblepodcast.com/podcast/naked-bible-365-qa-44/,https://dts.podtrac.com/redirect.mp3/nakedbiblepodcast.com/podcast-download/3002/naked-bible-365-qa-44.mp3?ref=download,https://nakedbiblepodcast.com/wp-content/uploads/2021/03/NB-365-Transcript.pdf
364,Eem Org Discoveringmercy Org,https://nakedbiblepodcast.com/podcast/naked-bible-364-eem-org-discoveringmercy-org/,https://dts.podtrac.com/redirect.mp3/nakedbiblepodcast.com/podcast-download/2999/naked-bible-364-eem-org-discoveringmercy-org.mp3?ref=download,https://nakedbiblepodcast.com/wp-content/uploads/2021/03/NB-364-Transcript.pdf
363,Revelation 3 Part 2,https://nakedbiblepodcast.com/podcast/naked-bible-363-revelation-3-part-2/,https://dts.podtrac.com/redirect.mp3/nakedbiblepodcast.com/podcast-download/2990/naked-bible-363-revelation-3-part-2.mp3?ref=download,https://nakedbiblepodcast.com/wp-content/uploads/2021/02/NB-363-Transcript.pdf
362,Revelation 3 Part 1,https://nakedbiblepodcast.com/podcast/naked-bible-362-revelation-3-part-1/,https://dts.podtrac.com/redirect.mp3/nakedbiblepodcast.com/podcast-download/2983/naked-bible-362-revelation-3-part-1.mp3?ref=download,https://nakedbiblepodcast.com/wp-content/uploads/2021/02/NB-362-Transcript.pdf
361,Revelation 28 29,https://nakedbiblepodcast.com/podcast/naked-bible-361-revelation-28-29/,https://dts.podtrac.com/redirect.mp3/nakedbiblepodcast.com/podcast-download/2979/naked-bible-361-revelation-28-29.mp3?ref=download,https://nakedbiblepodcast.com/wp-content/uploads/2021/02/NB-361-Transcript.pdf
360,Revelation 21 7,https://nakedbiblepodcast.com/podcast/naked-bible-360-revelation-21-7/,https://dts.podtrac.com/redirect.mp3/nakedbiblepodcast.com/podcast-download/2976/naked-bible-360-revelation-21-7.mp3?ref=download,https://nakedbiblepodcast.com/wp-content/uploads/2021/02/NB-360-Transcript.pdf
359,The Myth Made Fact,https://nakedbiblepodcast.com/podcast/naked-bible-359-the-myth-made-fact/,https://dts.podtrac.com/redirect.mp3/nakedbiblepodcast.com/podcast-download/2975/naked-bible-359-the-myth-made-fact.mp3?ref=download,https://nakedbiblepodcast.com/wp-content/uploads/2021/01/NB-359-Transcript.pdf
358,Qa 43,https://nakedbiblepodcast.com/podcast/naked-bible-358-qa-43/,https://dts.podtrac.com/redirect.mp3/nakedbiblepodcast.com/podcast-download/2957/naked-bible-358-qa-43.mp3?ref=download,https://nakedbiblepodcast.com/wp-content/uploads/2021/01/NB-358-Transcript.pdf
357,The Genealogical Adam And Eve Part 2,https://nakedbiblepodcast.com/podcast/naked-bible-357-the-genealogical-adam-and-eve-part-2/,https://dts.podtrac.com/redirect.mp3/nakedbiblepodcast.com/podcast-download/2956/naked-bible-357-the-genealogical-adam-and-eve-part-2.mp3?ref=download,https://nakedbiblepodcast.com/wp-content/uploads/2021/01/NB-357-Transcript.pdf
356,The Genealogical Adam And Eve Part 1,https://nakedbiblepodcast.com/podcast/naked-bible-356-the-genealogical-adam-and-eve-part-1/,https://dts.podtrac.com/redirect.mp3/nakedbiblepodcast.com/podcast-download/2955/naked-bible-356-the-genealogical-adam-and-eve-part-1.mp3?ref=download,https://nakedbiblepodcast.com/wp-content/uploads/2021/01/NB-356-Transcript.pdf
355,Revelation 17 20,https://nakedbiblepodcast.com/podcast/naked-bible-355-revelation-17-20/,https://dts.podtrac.com/redirect.mp3/nakedbiblepodcast.com/podcast-download/2954/naked-bible-355-revelation-17-20.mp3?ref=download,https://nakedbiblepodcast.com/wp-content/uploads/2020/12/NB-355-Transcript.pdf
354,Revelation 14 6,https://nakedbiblepodcast.com/podcast/naked-bible-354-revelation-14-6/,https://dts.podtrac.com/redirect.mp3/nakedbiblepodcast.com/podcast-download/2943/naked-bible-354-revelation-14-6.mp3?ref=download,https://nakedbiblepodcast.com/wp-content/uploads/2020/12/NB-354-Transcript.pdf
353,Revelation 14,https://nakedbiblepodcast.com/podcast/naked-bible-353-revelation-14/,https://dts.podtrac.com/redirect.mp3/nakedbiblepodcast.com/podcast-download/2938/naked-bible-353-revelation-14.mp3?ref=download,https://nakedbiblepodcast.com/wp-content/uploads/2020/12/NB-353-Transcript.pdf
352,Introducing The Old Testament In The Book Of Revelation,https://nakedbiblepodcast.com/podcast/naked-bible-352-introducing-the-old-testament-in-the-book-of-revelation/,https://dts.podtrac.com/redirect.mp3/nakedbiblepodcast.com/podcast-download/2934/naked-bible-352-introducing-the-old-testament-in-the-book-of-revelation.mp3?ref=download,https://nakedbiblepodcast.com/wp-content/uploads/2020/12/NB-352-Transcript.pdf
351,The Good News Of The Return Of The King,https://nakedbiblepodcast.com/podcast/naked-bible-351-the-good-news-of-the-return-of-the-king/,https://dts.podtrac.com/redirect.mp3/nakedbiblepodcast.com/podcast-download/2917/naked-bible-351-the-good-news-of-the-return-of-the-king.mp3?ref=download,https://nakedbiblepodcast.com/wp-content/uploads/2020/11/NB-351-Transcript.pdf
350,Loving Loyalty And Believing Loyalty,https://nakedbiblepodcast.com/podcast/naked-bible-350-loving-loyalty-and-believing-loyalty/,https://dts.podtrac.com/redirect.mp3/nakedbiblepodcast.com/podcast-download/2906/naked-bible-350-loving-loyalty-and-believing-loyalty.mp3?ref=download,https://nakedbiblepodcast.com/wp-content/uploads/2020/11/NB-350-Transcript.pdf
349,Qa 42,https://nakedbiblepodcast.com/podcast/naked-bible-349-qa-42/,https://dts.podtrac.com/redirect.mp3/nakedbiblepodcast.com/podcast-download/2905/naked-bible-349-qa-42.mp3?ref=download,https://nakedbiblepodcast.com/wp-content/uploads/2020/11/NB-349-Transcript.pdf
348,A Relevance Theory Approach,https://nakedbiblepodcast.com/podcast/naked-bible-348-a-relevance-theory-approach/,https://dts.podtrac.com/redirect.mp3/nakedbiblepodcast.com/podcast-download/2899/naked-bible-348-a-relevance-theory-approach.mp3?ref=download,https://nakedbiblepodcast.com/wp-content/uploads/2020/11/NB-348-Transcript-Hilber.pdf
347,Jonah And The Chaos Dragon,https://nakedbiblepodcast.com/podcast/naked-bible-347-jonah-and-the-chaos-dragon/,https://dts.podtrac.com/redirect.mp3/nakedbiblepodcast.com/podcast-download/2894/naked-bible-347-jonah-and-the-chaos-dragon.mp3?ref=download,https://nakedbiblepodcast.com/wp-content/uploads/2020/11/NB-347-Transcript.pdf
346,The Old Testament And Luke 1,https://nakedbiblepodcast.com/podcast/naked-bible-346-the-old-testament-and-luke-1/,https://dts.podtrac.com/redirect.mp3/nakedbiblepodcast.com/podcast-download/2890/naked-bible-346-the-old-testament-and-luke-1.mp3?ref=download,https://nakedbiblepodcast.com/wp-content/uploads/2020/10/NB-346-Transcript.pdf
345,The Vine And The Branches,https://nakedbiblepodcast.com/podcast/naked-bible-345-the-vine-and-the-branches/,https://dts.podtrac.com/redirect.mp3/nakedbiblepodcast.com/podcast-download/2885/naked-bible-345-the-vine-and-the-branches.mp3?ref=download,https://nakedbiblepodcast.com/wp-content/uploads/2020/10/NB-345-Transcript.pdf
344,Gentiles In The Psalms,https://nakedbiblepodcast.com/podcast/naked-bible-344-gentiles-in-the-psalms/,https://dts.podtrac.com/redirect.mp3/nakedbiblepodcast.com/podcast-download/2879/naked-bible-344-gentiles-in-the-psalms.mp3?ref=download,https://nakedbiblepodcast.com/wp-content/uploads/2020/10/NB-344-Transcript.pdf
343,Qa 41,https://nakedbiblepodcast.com/podcast/naked-bible-343-qa-41/,https://dts.podtrac.com/redirect.mp3/nakedbiblepodcast.com/podcast-download/2878/naked-bible-343-qa-41.mp3?ref=download,https://nakedbiblepodcast.com/wp-content/uploads/2020/10/NB-343-Transcript.pdf
342,Ezekiels Dry Bones And The Gospel Of John,https://nakedbiblepodcast.com/podcast/naked-bible-342-ezekiels-dry-bones-and-the-gospel-of-john/,https://dts.podtrac.com/redirect.mp3/nakedbiblepodcast.com/podcast-download/2865/naked-bible-342-ezekiels-dry-bones-and-the-gospel-of-john.mp3?ref=download,https://nakedbiblepodcast.com/wp-content/uploads/2020/09/NB-342-Transcript.pdf
,,https://nakedbiblepodcast.com/podcast/naked-bible341-the-book-of-ezekiel-in-john-10/,https://dts.podtrac.com/redirect.mp3/nakedbiblepodcast.com/podcast-download/2859/naked-bible341-the-book-of-ezekiel-in-john-10.mp3?ref=download,https://nakedbiblepodcast.com/wp-content/uploads/2020/09/NB-341-Transcript.pdf
340,The Cloud Of Witnesses In Hebrews 12,https://nakedbiblepodcast.com/podcast/naked-bible-340-the-cloud-of-witnesses-in-hebrews-12/,https://dts.podtrac.com/redirect.mp3/nakedbiblepodcast.com/podcast-download/2856/naked-bible-340-the-cloud-of-witnesses-in-hebrews-12.mp3?ref=download,https://nakedbiblepodcast.com/wp-content/uploads/2020/09/NB-340-Transcript.pdf
339,Exodus In The Gospel Of Matthew,https://nakedbiblepodcast.com/podcast/naked-bible-339-exodus-in-the-gospel-of-matthew/,https://dts.podtrac.com/redirect.mp3/nakedbiblepodcast.com/podcast-download/2853/naked-bible-339-exodus-in-the-gospel-of-matthew.mp3?ref=download,https://nakedbiblepodcast.com/wp-content/uploads/2020/09/NB-339-Transcript.pdf
338,Conversation Series Part 5,https://nakedbiblepodcast.com/podcast/naked-bible-338-conversation-series-part-5/,https://dts.podtrac.com/redirect.mp3/nakedbiblepodcast.com/podcast-download/2850/naked-bible-338-conversation-series-part-5.mp3?ref=download,https://nakedbiblepodcast.com/wp-content/uploads/2020/09/NB-338-Transcript.pdf
337,Qa 40,https://nakedbiblepodcast.com/podcast/naked-bible-337-qa-40/,https://dts.podtrac.com/redirect.mp3/nakedbiblepodcast.com/podcast-download/2847/naked-bible-337-qa-40.mp3?ref=download,https://nakedbiblepodcast.com/wp-content/uploads/2020/08/NB-337-Transcript.pdf
336,Begotten By The Spirit,https://nakedbiblepodcast.com/podcast/naked-bible-336-begotten-by-the-spirit/,https://dts.podtrac.com/redirect.mp3/nakedbiblepodcast.com/podcast-download/2836/naked-bible-336-begotten-by-the-spirit.mp3?ref=download,https://nakedbiblepodcast.com/wp-content/uploads/2020/08/NB-336-Transcript.pdf
335,Jesus As The Gardener,https://nakedbiblepodcast.com/podcast/naked-bible-335-jesus-as-the-gardener/,https://dts.podtrac.com/redirect.mp3/nakedbiblepodcast.com/podcast-download/2833/naked-bible-335-jesus-as-the-gardener.mp3?ref=download,https://nakedbiblepodcast.com/wp-content/uploads/2020/08/NB-335-Transcript.pdf
334,Paradise Lost,https://nakedbiblepodcast.com/podcast/naked-bible-334-paradise-lost/,https://dts.podtrac.com/redirect.mp3/nakedbiblepodcast.com/podcast-download/2826/naked-bible-334-paradise-lost.mp3?ref=download,https://nakedbiblepodcast.com/wp-content/uploads/2020/07/NB-334-Transcript.pdf
333,The Israelite King And Jesus As King,https://nakedbiblepodcast.com/podcast/naked-bible-333-the-israelite-king-and-jesus-as-king/,https://dts.podtrac.com/redirect.mp3/nakedbiblepodcast.com/podcast-download/2813/naked-bible-333-the-israelite-king-and-jesus-as-king.mp3?ref=download,https://nakedbiblepodcast.com/wp-content/uploads/2020/07/NB-333-Transcript.pdf
332,Conversation Series Part 4,https://nakedbiblepodcast.com/podcast/naked-bible-332-conversation-series-part-4/,https://dts.podtrac.com/redirect.mp3/nakedbiblepodcast.com/podcast-download/2812/naked-bible-332-conversation-series-part-4.mp3?ref=download,https://nakedbiblepodcast.com/wp-content/uploads/2020/07/NB-332Transcript.pdf
331,Qa 39,https://nakedbiblepodcast.com/podcast/naked-bible-331-qa-39/,https://dts.podtrac.com/redirect.mp3/nakedbiblepodcast.com/podcast-download/2810/naked-bible-331-qa-39.mp3?ref=download,https://nakedbiblepodcast.com/wp-content/uploads/2020/07/NB-331-Transcript.pdf
330,The Exodus And John 35,https://nakedbiblepodcast.com/podcast/naked-bible-330-the-exodus-and-john-35/,https://dts.podtrac.com/redirect.mp3/nakedbiblepodcast.com/podcast-download/2795/naked-bible-330-the-exodus-and-john-35.mp3?ref=download,https://nakedbiblepodcast.com/wp-content/uploads/2020/07/NB-330-Transcript.pdf
329,Binding And Loosing,https://nakedbiblepodcast.com/podcast/naked-bible-329-binding-and-loosing/,https://dts.podtrac.com/redirect.mp3/nakedbiblepodcast.com/podcast-download/2792/naked-bible-329-binding-and-loosing.mp3?ref=download,https://nakedbiblepodcast.com/wp-content/uploads/2020/06/NB-329-Transcript.pdf
328,Jesus And The Honeycomb,https://nakedbiblepodcast.com/podcast/naked-bible-328-jesus-and-the-honeycomb/,https://dts.podtrac.com/redirect.mp3/nakedbiblepodcast.com/podcast-download/2788/naked-bible-328-jesus-and-the-honeycomb.mp3?ref=download,https://nakedbiblepodcast.com/wp-content/uploads/2020/06/NB-328-Transcript.pdf
327,The Old Testament Afterlife And The Psalms Of Korah,https://nakedbiblepodcast.com/podcast/naked-bible-327-the-old-testament-afterlife-and-the-psalms-of-korah/,https://dts.podtrac.com/redirect.mp3/nakedbiblepodcast.com/podcast-download/2783/naked-bible-327-the-old-testament-afterlife-and-the-psalms-of-korah.mp3?ref=download,https://nakedbiblepodcast.com/wp-content/uploads/2020/06/NB-327-Transcript.pdf
326,Conversation Series Part 3,https://nakedbiblepodcast.com/podcast/naked-bible-326-conversation-series-part-3/,https://dts.podtrac.com/redirect.mp3/nakedbiblepodcast.com/podcast-download/2772/naked-bible-326-conversation-series-part-3.mp3?ref=download,https://nakedbiblepodcast.com/wp-content/uploads/2020/06/NB-326-Transcript.pdf
325,Qa 38,https://nakedbiblepodcast.com/podcast/naked-bible-325-qa-38/,https://dts.podtrac.com/redirect.mp3/nakedbiblepodcast.com/podcast-download/2771/naked-bible-325-qa-38.mp3?ref=download,https://nakedbiblepodcast.com/wp-content/uploads/2020/06/NB-325-Transcript.pdf
324,Psalm 91 And Demons,https://nakedbiblepodcast.com/podcast/naked-bible-324-psalm-91-and-demons/,https://dts.podtrac.com/redirect.mp3/nakedbiblepodcast.com/podcast-download/2770/naked-bible-324-psalm-91-and-demons.mp3?ref=download,https://nakedbiblepodcast.com/wp-content/uploads/2020/05/NB-324-Transcript-Psa91.pdf
323,Dr Ben Witherington Iii,https://nakedbiblepodcast.com/podcast/naked-bible-323-dr-ben-witherington-iii/,https://dts.podtrac.com/redirect.mp3/nakedbiblepodcast.com/podcast-download/2766/naked-bible-323-dr-ben-witherington-iii.mp3?ref=download,https://nakedbiblepodcast.com/wp-content/uploads/2020/05/NB-323-Transcript.pdf
322,Dr Louis Markos,https://nakedbiblepodcast.com/podcast/naked-bible-322-dr-louis-markos/,https://dts.podtrac.com/redirect.mp3/nakedbiblepodcast.com/podcast-download/2757/naked-bible-322-dr-louis-markos.mp3?ref=download,https://nakedbiblepodcast.com/wp-content/uploads/2020/05/NB-322-Transcript.pdf
321,Qa 37,https://nakedbiblepodcast.com/podcast/naked-bible-321-qa-37/,https://dts.podtrac.com/redirect.mp3/nakedbiblepodcast.com/podcast-download/2751/naked-bible-321-qa-37.mp3?ref=download,https://nakedbiblepodcast.com/wp-content/uploads/2020/04/NB-321-Transcript.pdf
320,Conversation Series Part 2,https://nakedbiblepodcast.com/podcast/naked-bible-320-conversation-series-part-2/,https://dts.podtrac.com/redirect.mp3/nakedbiblepodcast.com/podcast-download/2750/naked-bible-320-conversation-series-part-2.mp3?ref=download,https://nakedbiblepodcast.com/wp-content/uploads/2020/04/NB-320-Transcript.pdf
319,Conversation Series Part 1,https://nakedbiblepodcast.com/podcast/naked-bible-319-conversation-series-part-1/,https://dts.podtrac.com/redirect.mp3/nakedbiblepodcast.com/podcast-download/2733/naked-bible-319-conversation-series-part-1.mp3?ref=download,https://nakedbiblepodcast.com/wp-content/uploads/2020/04/NB-319-Transcript.pdf
318,Divorce And Remarriage In The New Testament,https://nakedbiblepodcast.com/podcast/naked-bible-318-divorce-and-remarriage-in-the-new-testament/,https://dts.podtrac.com/redirect.mp3/nakedbiblepodcast.com/podcast-download/2732/naked-bible-318-divorce-and-remarriage-in-the-new-testament.mp3?ref=download,https://nakedbiblepodcast.com/wp-content/uploads/2020/04/NB-318-Transcript.pdf
317,Humanitarian Disaster Institute,https://nakedbiblepodcast.com/podcast/naked-bible-317-humanitarian-disaster-institute/,https://dts.podtrac.com/redirect.mp3/nakedbiblepodcast.com/podcast-download/2747/naked-bible-317-humanitarian-disaster-institute.mp3?ref=download,https://nakedbiblepodcast.com/wp-content/uploads/2020/04/NB-317-Transcript.pdf
316,Divorce And Remarriage In The Old Testament,https://nakedbiblepodcast.com/podcast/naked-bible-316-divorce-and-remarriage-in-the-old-testament/,https://dts.podtrac.com/redirect.mp3/nakedbiblepodcast.com/podcast-download/2731/naked-bible-316-divorce-and-remarriage-in-the-old-testament.mp3?ref=download,https://nakedbiblepodcast.com/wp-content/uploads/2020/03/NB-316-Transcript.pdf
315,Exodus Qa Part 4,https://nakedbiblepodcast.com/podcast/naked-bible-315-exodus-qa-part-4/,https://dts.podtrac.com/redirect.mp3/nakedbiblepodcast.com/podcast-download/2729/naked-bible-315-exodus-qa-part-4.mp3?ref=download,https://nakedbiblepodcast.com/wp-content/uploads/2020/03/NB-315-Transcript.pdf
314,Exodus Qa Part 3,https://nakedbiblepodcast.com/podcast/naked-bible-314-exodus-qa-part-3/,https://dts.podtrac.com/redirect.mp3/nakedbiblepodcast.com/podcast-download/2725/naked-bible-314-exodus-qa-part-3.mp3?ref=download,https://nakedbiblepodcast.com/wp-content/uploads/2020/03/NB-314-Transcript.pdf
313,Exodus Qa Part 2,https://nakedbiblepodcast.com/podcast/naked-bible-313-exodus-qa-part-2/,https://dts.podtrac.com/redirect.mp3/nakedbiblepodcast.com/podcast-download/2715/naked-bible-313-exodus-qa-part-2.mp3?ref=download,https://nakedbiblepodcast.com/wp-content/uploads/2020/03/NB-313-Transcript.pdf
312,Exodus Qa Part 1,https://nakedbiblepodcast.com/podcast/naked-bible-312-exodus-qa-part-1/,https://dts.podtrac.com/redirect.mp3/nakedbiblepodcast.com/podcast-download/2710/naked-bible-312-exodus-qa-part-1.mp3?ref=download,https://nakedbiblepodcast.com/wp-content/uploads/2020/03/NB-312-Transcript.pdf
311,Exodus 35 40,https://nakedbiblepodcast.com/podcast/naked-bible-311-exodus-35-40/,https://dts.podtrac.com/redirect.mp3/nakedbiblepodcast.com/podcast-download/2698/naked-bible-311-exodus-35-40.mp3?ref=download,https://nakedbiblepodcast.com/wp-content/uploads/2020/03/NB-311-Transcript.pdf
310,Exodus 33 34,https://nakedbiblepodcast.com/podcast/naked-bible-310-exodus-33-34/,https://dts.podtrac.com/redirect.mp3/nakedbiblepodcast.com/podcast-download/2693/naked-bible-310-exodus-33-34.mp3?ref=download,https://nakedbiblepodcast.com/wp-content/uploads/2020/02/NB-310-Transcript.pdf
309,Exodus 32 33,https://nakedbiblepodcast.com/podcast/naked-bible-309-exodus-32-33/,https://dts.podtrac.com/redirect.mp3/nakedbiblepodcast.com/podcast-download/2688/naked-bible-309-exodus-32-33.mp3?ref=download,https://nakedbiblepodcast.com/wp-content/uploads/2020/02/NB-309-Transcript.pdf
308,Exodus 32,https://nakedbiblepodcast.com/podcast/naked-bible-308-exodus-32/,https://dts.podtrac.com/redirect.mp3/nakedbiblepodcast.com/podcast-download/2686/naked-bible-308-exodus-32.mp3?ref=download,https://nakedbiblepodcast.com/wp-content/uploads/2020/01/NB-308-Transcript.pdf
307,Exodus 30 31,https://nakedbiblepodcast.com/podcast/naked-bible-307-exodus-30-31/,https://dts.podtrac.com/redirect.mp3/nakedbiblepodcast.com/podcast-download/2666/naked-bible-307-exodus-30-31.mp3?ref=download,https://nakedbiblepodcast.com/wp-content/uploads/2020/01/NB-307-Transcript.pdf
306,Exodus 28 29,https://nakedbiblepodcast.com/podcast/naked-bible-306-exodus-28-29/,https://dts.podtrac.com/redirect.mp3/nakedbiblepodcast.com/podcast-download/2667/naked-bible-306-exodus-28-29.mp3?ref=download,https://nakedbiblepodcast.com/wp-content/uploads/2020/01/NB-306-Transcript.pdf
305,Eem Org,https://nakedbiblepodcast.com/podcast/naked-bible-305-eem-org/,https://dts.podtrac.com/redirect.mp3/nakedbiblepodcast.com/podcast-download/2653/naked-bible-305-eem-org.mp3?ref=download,https://nakedbiblepodcast.com/wp-content/uploads/2020/01/NB-305-Transcript.pdf
304,Exodus 26 27 Part 2,https://nakedbiblepodcast.com/podcast/naked-bible-304-exodus-26-27-part-2/,https://dts.podtrac.com/redirect.mp3/nakedbiblepodcast.com/podcast-download/2652/naked-bible-304-exodus-26-27-part-2.mp3?ref=download,https://nakedbiblepodcast.com/wp-content/uploads/2020/01/NB-304-Transcript.pdf
303,Exodus 26 27 Part 1,https://nakedbiblepodcast.com/podcast/naked-bible-303-exodus-26-27-part-1/,https://dts.podtrac.com/redirect.mp3/nakedbiblepodcast.com/podcast-download/2651/naked-bible-303-exodus-26-27-part-1.mp3?ref=download,https://nakedbiblepodcast.com/wp-content/uploads/2019/12/NB-303-Transcript.pdf
302,Bearing Gods Name,https://nakedbiblepodcast.com/podcast/naked-bible-302-bearing-gods-name/,https://dts.podtrac.com/redirect.mp3/nakedbiblepodcast.com/podcast-download/2650/naked-bible-302-bearing-gods-name.mp3?ref=download,https://nakedbiblepodcast.com/wp-content/uploads/2019/12/NB-302-Transcript.pdf
301,Qa 36 Part 2,https://nakedbiblepodcast.com/podcast/naked-bible-301-qa-36-part-2/,https://dts.podtrac.com/redirect.mp3/nakedbiblepodcast.com/podcast-download/2649/naked-bible-301-qa-36-part-2.mp3?ref=download,https://nakedbiblepodcast.com/wp-content/uploads/2019/12/NB-301-Transcript.pdf
300,Qa 36 Part 1,https://nakedbiblepodcast.com/podcast/naked-bible-300-qa-36-part-1/,https://dts.podtrac.com/redirect.mp3/nakedbiblepodcast.com/podcast-download/2643/naked-bible-300-qa-36-part-1.mp3?ref=download,https://nakedbiblepodcast.com/wp-content/uploads/2019/12/NB-300-Transcript.pdf
299,Ets Sbl Conferences,https://nakedbiblepodcast.com/podcast/naked-bible-299-ets-sbl-conferences/,https://dts.podtrac.com/redirect.mp3/nakedbiblepodcast.com/podcast-download/2641/naked-bible-299-ets-sbl-conferences.mp3?ref=download,https://nakedbiblepodcast.com/wp-content/uploads/2019/11/NB-299-Transcript.pdf
298,Exodus 25 Part 3,https://nakedbiblepodcast.com/podcast/naked-bible-298-exodus-25-part-3/,https://dts.podtrac.com/redirect.mp3/nakedbiblepodcast.com/podcast-download/2634/naked-bible-298-exodus-25-part-3.mp3?ref=download,https://nakedbiblepodcast.com/wp-content/uploads/2019/11/NB-298-Transcript.pdf
297,Exodus 25 Part 2,https://nakedbiblepodcast.com/podcast/naked-bible-297-exodus-25-part-2/,https://dts.podtrac.com/redirect.mp3/nakedbiblepodcast.com/podcast-download/2623/naked-bible-297-exodus-25-part-2.mp3?ref=download,https://nakedbiblepodcast.com/wp-content/uploads/2019/11/NB-297-Transcript.pdf
296,Exodus 25 Part 1,https://nakedbiblepodcast.com/podcast/naked-bible-296-exodus-25-part-1/,https://dts.podtrac.com/redirect.mp3/nakedbiblepodcast.com/podcast-download/2621/naked-bible-296-exodus-25-part-1.mp3?ref=download,https://nakedbiblepodcast.com/wp-content/uploads/2019/11/NB-296-Transcript.pdf
295,Exodus 24 Part 2,https://nakedbiblepodcast.com/podcast/naked-bible-295-exodus-24-part-2/,https://dts.podtrac.com/redirect.mp3/nakedbiblepodcast.com/podcast-download/2618/naked-bible-295-exodus-24-part-2.mp3?ref=download,https://nakedbiblepodcast.com/wp-content/uploads/2019/11/NB-295-Transcript.pdf
294,Exodus 24 Part 1,https://nakedbiblepodcast.com/podcast/naked-bible-294-exodus-24-part-1/,https://dts.podtrac.com/redirect.mp3/nakedbiblepodcast.com/podcast-download/2617/naked-bible-294-exodus-24-part-1.mp3?ref=download,https://nakedbiblepodcast.com/wp-content/uploads/2019/10/NB-294-Transcript.pdf
293,Exodus 2320 33,https://nakedbiblepodcast.com/podcast/naked-bible-293-exodus-2320-33/,https://dts.podtrac.com/redirect.mp3/nakedbiblepodcast.com/podcast-download/2600/naked-bible-293-exodus-2320-33.mp3?ref=download,https://nakedbiblepodcast.com/wp-content/uploads/2019/10/NB-293-Transcript.pdf
292,Qa 35,https://nakedbiblepodcast.com/podcast/naked-bible-292-qa-35/,https://dts.podtrac.com/redirect.mp3/nakedbiblepodcast.com/podcast-download/2601/naked-bible-292-qa-35.mp3?ref=download,https://nakedbiblepodcast.com/wp-content/uploads/2019/10/NB-292-Transcript.pdf
291,Exodus 21 23 Part 2,https://nakedbiblepodcast.com/podcast/naked-bible-291-exodus-21-23-part-2/,https://dts.podtrac.com/redirect.mp3/nakedbiblepodcast.com/podcast-download/2598/naked-bible-291-exodus-21-23-part-2.mp3?ref=download,https://nakedbiblepodcast.com/wp-content/uploads/2019/10/NB-291-Transcript.pdf
290,Exodus 21 23 Part 1,https://nakedbiblepodcast.com/podcast/naked-bible-290-exodus-21-23-part-1/,https://dts.podtrac.com/redirect.mp3/nakedbiblepodcast.com/podcast-download/2587/naked-bible-290-exodus-21-23-part-1.mp3?ref=download,https://nakedbiblepodcast.com/wp-content/uploads/2019/10/NB-290-Transcript.pdf
289,Exodus 20 Part 3,https://nakedbiblepodcast.com/podcast/naked-bible-289-exodus-20-part-3/,https://dts.podtrac.com/redirect.mp3/nakedbiblepodcast.com/podcast-download/2582/naked-bible-289-exodus-20-part-3.mp3?ref=download,https://nakedbiblepodcast.com/wp-content/uploads/2019/09/NB-289-Transcript.pdf
288,Exodus 20 Part 2,https://nakedbiblepodcast.com/podcast/naked-bible-288-exodus-20-part-2/,https://dts.podtrac.com/redirect.mp3/nakedbiblepodcast.com/podcast-download/2586/naked-bible-288-exodus-20-part-2.mp3?ref=download,https://nakedbiblepodcast.com/wp-content/uploads/2019/09/NB-288-Transcript.pdf
287,Exodus 20 Part 1,https://nakedbiblepodcast.com/podcast/naked-bible-287-exodus-20-part-1/,https://dts.podtrac.com/redirect.mp3/nakedbiblepodcast.com/podcast-download/2571/naked-bible-287-exodus-20-part-1.mp3?ref=download,https://nakedbiblepodcast.com/wp-content/uploads/2019/09/NB-287-Transcript.pdf
286,Exodus 19,https://nakedbiblepodcast.com/podcast/naked-bible-286-exodus-19/,https://dts.podtrac.com/redirect.mp3/nakedbiblepodcast.com/podcast-download/2563/naked-bible-286-exodus-19.mp3?ref=download,https://nakedbiblepodcast.com/wp-content/uploads/2019/09/NB-286-Transcript.pdf
285,Evil And Satan,https://nakedbiblepodcast.com/podcast/naked-bible-285-evil-and-satan/,https://dts.podtrac.com/redirect.mp3/nakedbiblepodcast.com/podcast-download/2562/naked-bible-285-evil-and-satan.mp3?ref=download,https://nakedbiblepodcast.com/wp-content/uploads/2019/08/NB-285-Transcript.pdf
284,Exodus 18,https://nakedbiblepodcast.com/podcast/naked-bible-284-exodus-18/,https://dts.podtrac.com/redirect.mp3/nakedbiblepodcast.com/podcast-download/2548/naked-bible-284-exodus-18.mp3?ref=download,https://nakedbiblepodcast.com/wp-content/uploads/2019/08/NB-284-Transcript.pdf
283,Exodus 17 Part 2,https://nakedbiblepodcast.com/podcast/naked-bible-283-exodus-17-part-2/,https://dts.podtrac.com/redirect.mp3/nakedbiblepodcast.com/podcast-download/2547/naked-bible-283-exodus-17-part-2.mp3?ref=download,https://nakedbiblepodcast.com/wp-content/uploads/2019/08/NB-283-Transcript.pdf
282,Exodus 17 Part 1,https://nakedbiblepodcast.com/podcast/naked-bible-282-exodus-17-part-1/,https://dts.podtrac.com/redirect.mp3/nakedbiblepodcast.com/podcast-download/2538/naked-bible-282-exodus-17-part-1.mp3?ref=download,https://nakedbiblepodcast.com/wp-content/uploads/2019/08/NB-282-Transcript.pdf
281,Exodus 16,https://nakedbiblepodcast.com/podcast/naked-bible-281-exodus-16/,https://dts.podtrac.com/redirect.mp3/nakedbiblepodcast.com/podcast-download/2537/naked-bible-281-exodus-16.mp3?ref=download,https://nakedbiblepodcast.com/wp-content/uploads/2019/07/NB-281-Transcript.pdf
280,Exodus 15 Part 2,https://nakedbiblepodcast.com/podcast/naked-bible-280-exodus-15-part-2/,https://dts.podtrac.com/redirect.mp3/nakedbiblepodcast.com/podcast-download/2521/naked-bible-280-exodus-15-part-2.mp3?ref=download,https://nakedbiblepodcast.com/wp-content/uploads/2019/07/NB-280-Transcript.pdf
279,Stovall Weems,https://nakedbiblepodcast.com/podcast/naked-bible-279-stovall-weems/,https://dts.podtrac.com/redirect.mp3/nakedbiblepodcast.com/podcast-download/2507/naked-bible-279-stovall-weems.mp3?ref=download,https://nakedbiblepodcast.com/wp-content/uploads/2019/07/NB-279-Transcript.pdf
278,Exodus 15 Part 1,https://nakedbiblepodcast.com/podcast/naked-bible-278-exodus-15-part-1/,https://dts.podtrac.com/redirect.mp3/nakedbiblepodcast.com/podcast-download/2509/naked-bible-278-exodus-15-part-1.mp3?ref=download,https://nakedbiblepodcast.com/wp-content/uploads/2019/07/NB-278-Transcript.pdf
277,Exodus 14 Part 2,https://nakedbiblepodcast.com/podcast/naked-bible-277-exodus-14-part-2/,https://dts.podtrac.com/redirect.mp3/nakedbiblepodcast.com/podcast-download/2508/naked-bible-277-exodus-14-part-2.mp3?ref=download,https://nakedbiblepodcast.com/wp-content/uploads/2019/06/NB-277-Transcript.pdf
276,Exodus 14 Part 1,https://nakedbiblepodcast.com/podcast/naked-bible-276-exodus-14-part-1/,https://dts.podtrac.com/redirect.mp3/nakedbiblepodcast.com/podcast-download/2502/naked-bible-276-exodus-14-part-1.mp3?ref=download,https://nakedbiblepodcast.com/wp-content/uploads/2019/06/NB-276-Transcript.pdf
275,Exodus 13,https://nakedbiblepodcast.com/podcast/naked-bible-275-exodus-13/,https://dts.podtrac.com/redirect.mp3/nakedbiblepodcast.com/podcast-download/2491/naked-bible-275-exodus-13.mp3?ref=download,https://nakedbiblepodcast.com/wp-content/uploads/2019/06/NB-275-Transcript.pdf
274,Qa 34,https://nakedbiblepodcast.com/podcast/naked-bible-274-qa-34/,https://dts.podtrac.com/redirect.mp3/nakedbiblepodcast.com/podcast-download/2480/naked-bible-274-qa-34.mp3?ref=download,https://nakedbiblepodcast.com/wp-content/uploads/2019/06/NB-274-Transcript.pdf
273,Exodus 12 Part 2B,https://nakedbiblepodcast.com/podcast/naked-bible-273-exodus-12-part-2b/,https://dts.podtrac.com/redirect.mp3/nakedbiblepodcast.com/podcast-download/2478/naked-bible-273-exodus-12-part-2b.mp3?ref=download,https://nakedbiblepodcast.com/wp-content/uploads/2019/05/NB-273-Transcript.pdf
272,Exodus 12 Part 2A,https://nakedbiblepodcast.com/podcast/naked-bible-272-exodus-12-part-2a/,https://dts.podtrac.com/redirect.mp3/nakedbiblepodcast.com/podcast-download/2474/naked-bible-272-exodus-12-part-2a.mp3?ref=download,https://nakedbiblepodcast.com/wp-content/uploads/2019/05/NB-272-Transcript.pdf
271,Exodus 12 Part 1,https://nakedbiblepodcast.com/podcast/naked-bible-271-exodus-12-part-1/,https://dts.podtrac.com/redirect.mp3/nakedbiblepodcast.com/podcast-download/2469/naked-bible-271-exodus-12-part-1.mp3?ref=download,https://nakedbiblepodcast.com/wp-content/uploads/2019/05/NB-271-Transcript.pdf
270,Exodus 11 12,https://nakedbiblepodcast.com/podcast/naked-bible-270-exodus-11-12/,https://dts.podtrac.com/redirect.mp3/nakedbiblepodcast.com/podcast-download/2461/naked-bible-270-exodus-11-12.mp3?ref=download,https://nakedbiblepodcast.com/wp-content/uploads/2019/05/NB-270-Transcript.pdf
269,Exodus 8 10,https://nakedbiblepodcast.com/podcast/naked-bible-269-exodus-8-10/,https://dts.podtrac.com/redirect.mp3/nakedbiblepodcast.com/podcast-download/2458/naked-bible-269-exodus-8-10.mp3?ref=download,https://nakedbiblepodcast.com/wp-content/uploads/2019/05/NB-269-Transcript.pdf
268,Exodus 714 25,https://nakedbiblepodcast.com/podcast/naked-bible-268-exodus-714-25/,https://dts.podtrac.com/redirect.mp3/nakedbiblepodcast.com/podcast-download/2452/naked-bible-268-exodus-714-25.mp3?ref=download,https://nakedbiblepodcast.com/wp-content/uploads/2019/05/NB-268-Transcript.pdf
267,Exodus 71 13,https://nakedbiblepodcast.com/podcast/naked-bible-267-exodus-71-13/,https://dts.podtrac.com/redirect.mp3/nakedbiblepodcast.com/podcast-download/2443/naked-bible-267-exodus-71-13.mp3?ref=download,https://nakedbiblepodcast.com/wp-content/uploads/2019/04/NB-267-Transcript.pdf
266,Exodus 5 6,https://nakedbiblepodcast.com/podcast/naked-bible-266-exodus-5-6/,https://dts.podtrac.com/redirect.mp3/nakedbiblepodcast.com/podcast-download/2431/naked-bible-266-exodus-5-6.mp3?ref=download,https://nakedbiblepodcast.com/wp-content/uploads/2019/04/NB-266-Transcript.pdf
265,Exodus 418 31,https://nakedbiblepodcast.com/podcast/naked-bible-265-exodus-418-31/,https://dts.podtrac.com/redirect.mp3/nakedbiblepodcast.com/podcast-download/2427/naked-bible-265-exodus-418-31.mp3?ref=download,https://nakedbiblepodcast.com/wp-content/uploads/2019/04/NB-265-Transcript.pdf
264,Exodus 41 17,https://nakedbiblepodcast.com/podcast/naked-bible-264-exodus-41-17/,https://dts.podtrac.com/redirect.mp3/nakedbiblepodcast.com/podcast-download/2420/naked-bible-264-exodus-41-17.mp3?ref=download,https://nakedbiblepodcast.com/wp-content/uploads/2019/03/NB-264-Transcript.pdf
263,Exodus 3 Part 3,https://nakedbiblepodcast.com/podcast/naked-bible-263-exodus-3-part-3/,https://dts.podtrac.com/redirect.mp3/nakedbiblepodcast.com/podcast-download/2419/naked-bible-263-exodus-3-part-3.mp3?ref=download,https://nakedbiblepodcast.com/wp-content/uploads/2019/03/NB-263-Transcript.pdf
262,Exodus 3 Part 2B,https://nakedbiblepodcast.com/podcast/naked-bible-262-exodus-3-part-2b/,https://dts.podtrac.com/redirect.mp3/nakedbiblepodcast.com/podcast-download/2414/naked-bible-262-exodus-3-part-2b.mp3?ref=download,https://nakedbiblepodcast.com/wp-content/uploads/2019/03/NB-262-Transcript.pdf
261,Exodus 3 Part 2A,https://nakedbiblepodcast.com/podcast/naked-bible-261-exodus-3-part-2a/,https://dts.podtrac.com/redirect.mp3/nakedbiblepodcast.com/podcast-download/2413/naked-bible-261-exodus-3-part-2a.mp3?ref=download,https://nakedbiblepodcast.com/wp-content/uploads/2019/03/NB-261-Transcript.pdf
260,Exodus 3 Part 1,https://nakedbiblepodcast.com/podcast/naked-bible-260-exodus-3-part-1/,https://dts.podtrac.com/redirect.mp3/nakedbiblepodcast.com/podcast-download/2407/naked-bible-260-exodus-3-part-1.mp3?ref=download,https://nakedbiblepodcast.com/wp-content/uploads/2019/03/NB-260-Transcript.pdf
259,Exodus 211 25,https://nakedbiblepodcast.com/podcast/naked-bible-259-exodus-211-25/,https://dts.podtrac.com/redirect.mp3/nakedbiblepodcast.com/podcast-download/2403/naked-bible-259-exodus-211-25.mp3?ref=download,https://nakedbiblepodcast.com/wp-content/uploads/2019/02/NB-259-Transcript.pdf
258,The Bible Project,https://nakedbiblepodcast.com/podcast/naked-bible-258-the-bible-project/,https://dts.podtrac.com/redirect.mp3/nakedbiblepodcast.com/podcast-download/2309/naked-bible-258-the-bible-project.mp3?ref=download,https://nakedbiblepodcast.com/wp-content/uploads/2019/02/NB-258-Transcript.pdf
257,Exodus 21 10,https://nakedbiblepodcast.com/podcast/naked-bible-257-exodus-21-10/,https://dts.podtrac.com/redirect.mp3/nakedbiblepodcast.com/podcast-download/2283/naked-bible-257-exodus-21-10.mp3?ref=download,https://nakedbiblepodcast.com/wp-content/uploads/2019/02/NB-257-Transcript.pdf
256,Exodus 1 Part 2,https://nakedbiblepodcast.com/podcast/naked-bible-256-exodus-1-part-2/,https://dts.podtrac.com/redirect.mp3/nakedbiblepodcast.com/podcast-download/2268/naked-bible-256-exodus-1-part-2.mp3?ref=download,https://nakedbiblepodcast.com/wp-content/uploads/2019/02/NB-256-Transcript.pdf
255,Exodus 1 Part 1,https://nakedbiblepodcast.com/podcast/naked-bible-255-exodus-1-part-1/,https://dts.podtrac.com/redirect.mp3/nakedbiblepodcast.com/podcast-download/2266/naked-bible-255-exodus-1-part-1.mp3?ref=download,https://nakedbiblepodcast.com/wp-content/uploads/2019/01/NB-255-Transcript.pdf
254,Introducing The Book Of Exodus,https://nakedbiblepodcast.com/podcast/naked-bible-254-introducing-the-book-of-exodus/,https://dts.podtrac.com/redirect.mp3/nakedbiblepodcast.com/podcast-download/2257/naked-bible-254-introducing-the-book-of-exodus.mp3?ref=download,https://nakedbiblepodcast.com/wp-content/uploads/2019/01/NB-254-Transcript.pdf
253,The Persecuted Church In Nepal,https://nakedbiblepodcast.com/podcast/naked-bible-253-the-persecuted-church-in-nepal/,https://dts.podtrac.com/redirect.mp3/nakedbiblepodcast.com/podcast-download/2255/naked-bible-253-the-persecuted-church-in-nepal.mp3?ref=download,https://nakedbiblepodcast.com/wp-content/uploads/2019/01/NB-253-Transcript.pdf
252,The Day Of The Lord,https://nakedbiblepodcast.com/podcast/naked-bible-252-the-day-of-the-lord/,https://dts.podtrac.com/redirect.mp3/nakedbiblepodcast.com/podcast-download/2232/naked-bible-252-the-day-of-the-lord.mp3?ref=download,https://nakedbiblepodcast.com/wp-content/uploads/2019/01/NB-252-Transcript.pdf
251,The Church Fathers And Genesis 1,https://nakedbiblepodcast.com/podcast/naked-bible-251-the-church-fathers-and-genesis-1/,https://dts.podtrac.com/redirect.mp3/nakedbiblepodcast.com/podcast-download/2225/naked-bible-251-the-church-fathers-and-genesis-1.mp3?ref=download,https://nakedbiblepodcast.com/wp-content/uploads/2018/12/NB-251-Transcript.pdf
250,The Pastoral Epistles,https://nakedbiblepodcast.com/podcast/naked-bible-250-the-pastoral-epistles/,https://dts.podtrac.com/redirect.mp3/nakedbiblepodcast.com/podcast-download/2213/naked-bible-250-the-pastoral-epistles.mp3?ref=download,https://nakedbiblepodcast.com/wp-content/uploads/2018/12/NB-250-Transcript.pdf
249,Did Israelites View Their Judges As Gods,https://nakedbiblepodcast.com/podcast/naked-bible-249-did-israelites-view-their-judges-as-gods/,https://dts.podtrac.com/redirect.mp3/nakedbiblepodcast.com/podcast-download/2208/naked-bible-249-did-israelites-view-their-judges-as-gods.mp3?ref=download,https://nakedbiblepodcast.com/wp-content/uploads/2018/12/NB-249-Transcript.pdf
248,Live From Denver,https://nakedbiblepodcast.com/podcast/naked-bible-248-live-from-denver/,https://dts.podtrac.com/redirect.mp3/nakedbiblepodcast.com/podcast-download/2185/naked-bible-248-live-from-denver.mp3?ref=download,https://nakedbiblepodcast.com/wp-content/uploads/2018/12/NB-248-Transcript.pdf
247,Sbl Conference Interviews Part 2,https://nakedbiblepodcast.com/podcast/naked-bible-247-sbl-conference-interviews-part-2/,https://dts.podtrac.com/redirect.mp3/nakedbiblepodcast.com/podcast-download/2183/naked-bible-247-sbl-conference-interviews-part-2.mp3?ref=download,https://nakedbiblepodcast.com/wp-content/uploads/2018/12/NB-247-Transcript.pdf
246,Sbl Conference Interviews Part 1,https://nakedbiblepodcast.com/podcast/naked-bible-246-sbl-conference-interviews-part-1/,https://dts.podtrac.com/redirect.mp3/nakedbiblepodcast.com/podcast-download/2181/naked-bible-246-sbl-conference-interviews-part-1.mp3?ref=download,https://nakedbiblepodcast.com/wp-content/uploads/2018/12/NB-246-Transcript.pdf
245,Ets Conference Interviews Part 4,https://nakedbiblepodcast.com/podcast/naked-bible-245-ets-conference-interviews-part-4/,https://dts.podtrac.com/redirect.mp3/nakedbiblepodcast.com/podcast-download/2177/naked-bible-245-ets-conference-interviews-part-4.mp3?ref=download,https://nakedbiblepodcast.com/wp-content/uploads/2018/12/NB-245-Transcript.pdf
244,Ets Conference Interviews Part 3,https://nakedbiblepodcast.com/podcast/naked-bible-244-ets-conference-interviews-part-3/,https://dts.podtrac.com/redirect.mp3/nakedbiblepodcast.com/podcast-download/2175/naked-bible-244-ets-conference-interviews-part-3.mp3?ref=download,https://nakedbiblepodcast.com/wp-content/uploads/2018/12/NB-244-Transcript.pdf
243,Ets Conference Interviews Part 2,https://nakedbiblepodcast.com/podcast/naked-bible-243-ets-conference-interviews-part-2/,https://dts.podtrac.com/redirect.mp3/nakedbiblepodcast.com/podcast-download/2173/naked-bible-243-ets-conference-interviews-part-2.mp3?ref=download,https://nakedbiblepodcast.com/wp-content/uploads/2018/12/NB-243-Transcript.pdf
242,Ets Conference Interviews Part 1,https://nakedbiblepodcast.com/podcast/naked-bible-242-ets-conference-interviews-part-1/,https://dts.podtrac.com/redirect.mp3/nakedbiblepodcast.com/podcast-download/2168/naked-bible-242-ets-conference-interviews-part-1.mp3?ref=download,https://nakedbiblepodcast.com/wp-content/uploads/2018/12/NB-242-Transcript.pdf
241,Psalms 24 And 29 In Their Ancient Context,https://nakedbiblepodcast.com/podcast/naked-bible-241-psalms-24-and-29-in-their-ancient-context/,https://dts.podtrac.com/redirect.mp3/nakedbiblepodcast.com/podcast-download/2165/naked-bible-241-psalms-24-and-29-in-their-ancient-context.mp3?ref=download,https://nakedbiblepodcast.com/wp-content/uploads/2018/11/NB-241-Transcript.pdf
240,Colossians Qa,https://nakedbiblepodcast.com/podcast/naked-bible-240-colossians-qa/,https://dts.podtrac.com/redirect.mp3/nakedbiblepodcast.com/podcast-download/2161/naked-bible-240-colossians-qa.mp3?ref=download,https://nakedbiblepodcast.com/wp-content/uploads/2018/12/NB-240-Transcript-1.pdf
239,Qa 33,https://nakedbiblepodcast.com/podcast/naked-bible-239-qa-33/,https://dts.podtrac.com/redirect.mp3/nakedbiblepodcast.com/podcast-download/2157/naked-bible-239-qa-33.mp3?ref=download,https://nakedbiblepodcast.com/wp-content/uploads/2018/11/Episode-239-transcript.pdf
238,Qa 32,https://nakedbiblepodcast.com/podcast/naked-bible-238-qa-32/,https://dts.podtrac.com/redirect.mp3/nakedbiblepodcast.com/podcast-download/2149/naked-bible-238-qa-32.mp3?ref=download,https://nakedbiblepodcast.com/wp-content/uploads/2018/10/NB-238-Transcript.pdf
237,Colossians 4,https://nakedbiblepodcast.com/podcast/naked-bible-237-colossians-4/,https://dts.podtrac.com/redirect.mp3/nakedbiblepodcast.com/podcast-download/2138/naked-bible-237-colossians-4.mp3?ref=download,https://nakedbiblepodcast.com/wp-content/uploads/2018/10/NB-237-Transcript.pdf
236,Colossians 318 25,https://nakedbiblepodcast.com/podcast/naked-bible-236-colossians-318-25/,https://dts.podtrac.com/redirect.mp3/nakedbiblepodcast.com/podcast-download/2126/naked-bible-236-colossians-318-25.mp3?ref=download,https://nakedbiblepodcast.com/wp-content/uploads/2018/10/NB-236-Transcript.pdf
235,Colossians 31 17,https://nakedbiblepodcast.com/podcast/naked-bible-235-colossians-31-17/,https://dts.podtrac.com/redirect.mp3/nakedbiblepodcast.com/podcast-download/2124/naked-bible-235-colossians-31-17.mp3?ref=download,https://nakedbiblepodcast.com/wp-content/uploads/2018/10/NB-235-Transcript.pdf
234,Apps And Art,https://nakedbiblepodcast.com/podcast/naked-bible-234-apps-and-art/,https://dts.podtrac.com/redirect.mp3/nakedbiblepodcast.com/podcast-download/2097/naked-bible-234-apps-and-art.mp3?ref=download,https://nakedbiblepodcast.com/wp-content/uploads/2018/09/NB-234-Transcript.pdf
233,Honor And Shame Culture,https://nakedbiblepodcast.com/podcast/naked-bible-233-honor-and-shame-culture/,https://dts.podtrac.com/redirect.mp3/nakedbiblepodcast.com/podcast-download/2095/naked-bible-233-honor-and-shame-culture.mp3?ref=download,https://nakedbiblepodcast.com/wp-content/uploads/2018/09/NB-233-Transcript.pdf
232,Colossians 213 23,https://nakedbiblepodcast.com/podcast/naked-bible-232-colossians-213-23/,https://dts.podtrac.com/redirect.mp3/nakedbiblepodcast.com/podcast-download/2105/naked-bible-232-colossians-213-23.mp3?ref=download,https://nakedbiblepodcast.com/wp-content/uploads/2018/09/NB-232-Transcript.pdf
231,Colossians 211 12,https://nakedbiblepodcast.com/podcast/naked-bible-231-colossians-211-12/,https://dts.podtrac.com/redirect.mp3/nakedbiblepodcast.com/podcast-download/2092/naked-bible-231-colossians-211-12.mp3?ref=download,https://nakedbiblepodcast.com/wp-content/uploads/2018/09/NB-231-Transcript.pdf
230,Colossians 29 10,https://nakedbiblepodcast.com/podcast/naked-bible-230-colossians-29-10/,https://dts.podtrac.com/redirect.mp3/nakedbiblepodcast.com/podcast-download/2084/naked-bible-230-colossians-29-10.mp3?ref=download,https://nakedbiblepodcast.com/wp-content/uploads/2018/08/NB-230-Transcript.pdf
229,Colossians 26 8,https://nakedbiblepodcast.com/podcast/naked-bible-229-colossians-26-8/,https://dts.podtrac.com/redirect.mp3/nakedbiblepodcast.com/podcast-download/2069/naked-bible-229-colossians-26-8.mp3?ref=download,https://nakedbiblepodcast.com/wp-content/uploads/2018/08/NB-229-Transcript.pdf
228,Colossians 121 25,https://nakedbiblepodcast.com/podcast/naked-bible-228-colossians-121-25/,https://dts.podtrac.com/redirect.mp3/nakedbiblepodcast.com/podcast-download/2067/naked-bible-228-colossians-121-25.mp3?ref=download,https://nakedbiblepodcast.com/wp-content/uploads/2018/08/NB-228-Transcript.pdf
227,Colossians 113 20,https://nakedbiblepodcast.com/podcast/naked-bible-227-colossians-113-20/,https://dts.podtrac.com/redirect.mp3/nakedbiblepodcast.com/podcast-download/2058/naked-bible-227-colossians-113-20.mp3?ref=download,https://nakedbiblepodcast.com/wp-content/uploads/2018/08/NB-227-Transcript.pdf
226,Colossians 11 13,https://nakedbiblepodcast.com/podcast/naked-bible-226-colossians-11-13/,https://dts.podtrac.com/redirect.mp3/nakedbiblepodcast.com/podcast-download/2049/naked-bible-226-colossians-11-13.mp3?ref=download,https://nakedbiblepodcast.com/wp-content/uploads/2018/08/NB-226-Transcript.pdf
225,Introducing The Book Of Colossians,https://nakedbiblepodcast.com/podcast/naked-bible-225-introducing-the-book-of-colossians/,https://dts.podtrac.com/redirect.mp3/nakedbiblepodcast.com/podcast-download/2043/naked-bible-225-introducing-the-book-of-colossians.mp3?ref=download,https://nakedbiblepodcast.com/wp-content/uploads/2018/07/NB-225-Transcript.pdf
224,The Falling Away And The Restrainer,https://nakedbiblepodcast.com/podcast/naked-bible-224-the-falling-away-and-the-restrainer/,https://dts.podtrac.com/redirect.mp3/nakedbiblepodcast.com/podcast-download/2037/naked-bible-224-the-falling-away-and-the-restrainer.mp3?ref=download,https://nakedbiblepodcast.com/wp-content/uploads/2018/07/NB-224-Transcript.pdf
223,Qa 31,https://nakedbiblepodcast.com/podcast/naked-bible-223-qa-31/,https://dts.podtrac.com/redirect.mp3/nakedbiblepodcast.com/podcast-download/2028/naked-bible-223-qa-31.mp3?ref=download,https://nakedbiblepodcast.com/wp-content/uploads/2018/07/NB-223-Transcript.pdf
222,Trees And Kings With Rusty Osborne,https://nakedbiblepodcast.com/podcast/naked-bible-222-trees-and-kings-with-rusty-osborne/,https://dts.podtrac.com/redirect.mp3/nakedbiblepodcast.com/podcast-download/2014/naked-bible-222-trees-and-kings-with-rusty-osborne.mp3?ref=download,https://nakedbiblepodcast.com/wp-content/uploads/2018/07/NB-222-Transcript.pdf
221,Baptism For The Dead,https://nakedbiblepodcast.com/podcast/naked-bible-221-baptism-for-the-dead/,https://dts.podtrac.com/redirect.mp3/nakedbiblepodcast.com/podcast-download/2010/naked-bible-221-baptism-for-the-dead.mp3?ref=download,https://nakedbiblepodcast.com/wp-content/uploads/2018/06/NB-221-Transcript.pdf
220,Qa 30,https://nakedbiblepodcast.com/podcast/naked-bible-220-qa-30/,https://dts.podtrac.com/redirect.mp3/nakedbiblepodcast.com/podcast-download/2006/naked-bible-220-qa-30.mp3?ref=download,https://nakedbiblepodcast.com/wp-content/uploads/2018/06/NB-220-Transcript.pdf
219,Qa 29,https://nakedbiblepodcast.com/podcast/naked-bible-219-qa-29/,https://dts.podtrac.com/redirect.mp3/nakedbiblepodcast.com/podcast-download/2003/naked-bible-219-qa-29.mp3?ref=download,https://nakedbiblepodcast.com/wp-content/uploads/2018/06/NB-219-Transcript.pdf
218,Authorship And Date Of The Book Of Job,https://nakedbiblepodcast.com/podcast/naked-bible-218-authorship-and-date-of-the-book-of-job/,https://dts.podtrac.com/redirect.mp3/nakedbiblepodcast.com/podcast-download/1999/naked-bible-218-authorship-and-date-of-the-book-of-job.mp3?ref=download,https://nakedbiblepodcast.com/wp-content/uploads/2018/06/NB-218-Transcript.pdf
217,Authorship And Date Of The Book Of Isaiah,https://nakedbiblepodcast.com/podcast/naked-bible-217-authorship-and-date-of-the-book-of-isaiah/,https://dts.podtrac.com/redirect.mp3/nakedbiblepodcast.com/podcast-download/1995/naked-bible-217-authorship-and-date-of-the-book-of-isaiah.mp3?ref=download,https://nakedbiblepodcast.com/wp-content/uploads/2018/06/NB-217-Transcript.pdf
216,Qa 28,https://nakedbiblepodcast.com/podcast/naked-bible-216-qa-28/,https://dts.podtrac.com/redirect.mp3/nakedbiblepodcast.com/podcast-download/1969/naked-bible-216-qa-28.mp3?ref=download,https://nakedbiblepodcast.com/wp-content/uploads/2018/05/NB-216-Transcript.pdf
215,Qa 27,https://nakedbiblepodcast.com/podcast/naked-bible-215-qa-27/,https://dts.podtrac.com/redirect.mp3/nakedbiblepodcast.com/podcast-download/1967/naked-bible-215-qa-27.mp3?ref=download,https://nakedbiblepodcast.com/wp-content/uploads/2018/05/NB-215-Transcript.pdf
214,Qa 26,https://nakedbiblepodcast.com/podcast/naked-bible-214-qa-26/,https://dts.podtrac.com/redirect.mp3/nakedbiblepodcast.com/podcast-download/1965/naked-bible-214-qa-26.mp3?ref=download,https://nakedbiblepodcast.com/wp-content/uploads/2018/05/NB-214-Transcript.pdf
213,Do Good Works Contribute To Salvation,https://nakedbiblepodcast.com/podcast/naked-bible-213-do-good-works-contribute-to-salvation/,https://dts.podtrac.com/redirect.mp3/nakedbiblepodcast.com/podcast-download/1951/naked-bible-213-do-good-works-contribute-to-salvation.mp3?ref=download,https://nakedbiblepodcast.com/wp-content/uploads/2018/05/NB-213-Transcript.pdf
212,Joshuas Conquest Of Jericho And The Ugaritic Keret Epic,https://nakedbiblepodcast.com/podcast/naked-bible-212-joshuas-conquest-of-jericho-and-the-ugaritic-keret-epic/,https://dts.podtrac.com/redirect.mp3/nakedbiblepodcast.com/podcast-download/1944/naked-bible-212-joshuas-conquest-of-jericho-and-the-ugaritic-keret-epic.mp3?ref=download,https://nakedbiblepodcast.com/wp-content/uploads/2018/04/NB-212-Transcript.pdf
211,Was Cain The Seed Of The Serpent,https://nakedbiblepodcast.com/podcast/naked-bible-211-was-cain-the-seed-of-the-serpent/,https://dts.podtrac.com/redirect.mp3/nakedbiblepodcast.com/podcast-download/1937/naked-bible-211-was-cain-the-seed-of-the-serpent.mp3?ref=download,https://nakedbiblepodcast.com/wp-content/uploads/2018/04/NB-211-Transcript.pdf
210,God And Deception,https://nakedbiblepodcast.com/podcast/naked-bible-210-god-and-deception/,https://dts.podtrac.com/redirect.mp3/nakedbiblepodcast.com/podcast-download/1927/naked-bible-210-god-and-deception.mp3?ref=download,https://nakedbiblepodcast.com/wp-content/uploads/2018/04/NB-210-Transcript.pdf
209,A Fern And Audrey Testimony,https://nakedbiblepodcast.com/podcast/naked-bible-209-a-fern-and-audrey-testimony/,https://dts.podtrac.com/redirect.mp3/nakedbiblepodcast.com/podcast-download/1925/naked-bible-209-a-fern-and-audrey-testimony.mp3?ref=download,https://nakedbiblepodcast.com/wp-content/uploads/2018/04/NB-209-Transcript.pdf
208,Qa 25,https://nakedbiblepodcast.com/podcast/naked-bible-208-qa-25/,https://dts.podtrac.com/redirect.mp3/nakedbiblepodcast.com/podcast-download/1913/naked-bible-208-qa-25.mp3?ref=download,https://nakedbiblepodcast.com/wp-content/uploads/2018/04/NB-208-Transcript.pdf
207,Revelation 4 5 With Dr Alan Bandy,https://nakedbiblepodcast.com/podcast/naked-bible-207-revelation-4-5-with-dr-alan-bandy/,https://dts.podtrac.com/redirect.mp3/nakedbiblepodcast.com/podcast-download/1911/naked-bible-207-revelation-4-5-with-dr-alan-bandy.mp3?ref=download,https://nakedbiblepodcast.com/wp-content/uploads/2018/03/NB-207-Transcript.pdf
206,The 70 Bulls Of The Feast Of Tabernacles,https://nakedbiblepodcast.com/podcast/naked-bible-206-the-70-bulls-of-the-feast-of-tabernacles/,https://dts.podtrac.com/redirect.mp3/nakedbiblepodcast.com/podcast-download/1900/naked-bible-206-the-70-bulls-of-the-feast-of-tabernacles.mp3?ref=download,https://nakedbiblepodcast.com/wp-content/uploads/2018/03/NB-206-Transcript.pdf
205,The Sword And The Servant With David Burnett,https://nakedbiblepodcast.com/podcast/naked-bible-205-the-sword-and-the-servant-with-david-burnett/,https://dts.podtrac.com/redirect.mp3/nakedbiblepodcast.com/podcast-download/1886/naked-bible-205-the-sword-and-the-servant-with-david-burnett.mp3?ref=download,https://nakedbiblepodcast.com/wp-content/uploads/2018/03/NB-205-Transcript.pdf
204,Grammar And Bible Study,https://nakedbiblepodcast.com/podcast/naked-bible-204-grammar-and-bible-study/,https://dts.podtrac.com/redirect.mp3/nakedbiblepodcast.com/podcast-download/1859/naked-bible-204-grammar-and-bible-study.mp3?ref=download,https://nakedbiblepodcast.com/wp-content/uploads/2018/02/NB-204-Transcript.pdf
203,Qa 24,https://nakedbiblepodcast.com/podcast/naked-bible-203-qa-24/,https://dts.podtrac.com/redirect.mp3/nakedbiblepodcast.com/podcast-download/1857/naked-bible-203-qa-24.mp3?ref=download,https://nakedbiblepodcast.com/wp-content/uploads/2018/02/NB-203-Transcript.pdf
202,Hebrews Qa Part 2,https://nakedbiblepodcast.com/podcast/naked-bible-202-hebrews-qa-part-2/,https://dts.podtrac.com/redirect.mp3/nakedbiblepodcast.com/podcast-download/1872/naked-bible-202-hebrews-qa-part-2.mp3?ref=download,https://nakedbiblepodcast.com/wp-content/uploads/2018/02/NB-202-Transcript.pdf
201,Hebrews Qa Part 1,https://nakedbiblepodcast.com/podcast/naked-bible-201-hebrews-qa-part-1/,https://dts.podtrac.com/redirect.mp3/nakedbiblepodcast.com/podcast-download/1855/naked-bible-201-hebrews-qa-part-1.mp3?ref=download,https://nakedbiblepodcast.com/wp-content/uploads/2018/02/NB-201-Transcript.pdf
200,Global Reach,https://nakedbiblepodcast.com/podcast/naked-bible-200-global-reach/,https://dts.podtrac.com/redirect.mp3/nakedbiblepodcast.com/podcast-download/1853/naked-bible-200-global-reach.mp3?ref=download,https://nakedbiblepodcast.com/wp-content/uploads/2018/02/NB-200-Transcript.pdf
199,Hebrews 13,https://nakedbiblepodcast.com/podcast/naked-bible-199-hebrews-13/,https://dts.podtrac.com/redirect.mp3/nakedbiblepodcast.com/podcast-download/1846/naked-bible-199-hebrews-13.mp3?ref=download,https://nakedbiblepodcast.com/wp-content/uploads/2018/01/NB-199-Transcript.pdf
198,Hebrews 12,https://nakedbiblepodcast.com/podcast/naked-bible-198-hebrews-12/,https://dts.podtrac.com/redirect.mp3/nakedbiblepodcast.com/podcast-download/1839/naked-bible-198-hebrews-12.mp3?ref=download,https://nakedbiblepodcast.com/wp-content/uploads/2018/01/NB-198-Transcript.pdf
197,Hebrews 11,https://nakedbiblepodcast.com/podcast/naked-bible-197-hebrews-11/,https://dts.podtrac.com/redirect.mp3/nakedbiblepodcast.com/podcast-download/1832/naked-bible-197-hebrews-11.mp3?ref=download,https://nakedbiblepodcast.com/wp-content/uploads/2018/01/NB-197-Transcript.pdf
196,Hebrews 10,https://nakedbiblepodcast.com/podcast/naked-bible-196-hebrews-10/,https://dts.podtrac.com/redirect.mp3/nakedbiblepodcast.com/podcast-download/1821/naked-bible-196-hebrews-10.mp3?ref=download,https://nakedbiblepodcast.com/wp-content/uploads/2018/01/NB-196-Transcript.pdf
195,Is Christmas A Pagan Holiday,https://nakedbiblepodcast.com/podcast/naked-bible-195-is-christmas-a-pagan-holiday/,https://dts.podtrac.com/redirect.mp3/nakedbiblepodcast.com/podcast-download/1815/naked-bible-195-is-christmas-a-pagan-holiday.mp3?ref=download,https://nakedbiblepodcast.com/wp-content/uploads/2018/01/NB-195-Transcript.pdf
194,Hebrews 9,https://nakedbiblepodcast.com/podcast/naked-bible-194-hebrews-9/,https://dts.podtrac.com/redirect.mp3/nakedbiblepodcast.com/podcast-download/1802/naked-bible-194-hebrews-9.mp3?ref=download,https://nakedbiblepodcast.com/wp-content/uploads/2017/12/NB-194-Transcript.pdf
193,Hebrews 8,https://nakedbiblepodcast.com/podcast/naked-bible-193-hebrews-8/,https://dts.podtrac.com/redirect.mp3/nakedbiblepodcast.com/podcast-download/1786/naked-bible-193-hebrews-8.mp3?ref=download,https://nakedbiblepodcast.com/wp-content/uploads/2017/12/NB-193-Transcript.pdf
192,Sbl Conference Interviews Part 3,https://nakedbiblepodcast.com/podcast/naked-bible-192-sbl-conference-interviews-part-3/,https://dts.podtrac.com/redirect.mp3/nakedbiblepodcast.com/podcast-download/1761/naked-bible-192-sbl-conference-interviews-part-3.mp3?ref=download,https://nakedbiblepodcast.com/wp-content/uploads/2017/12/NB-192-Transcript.pdf
191,Sbl Conference Interviews Part 2,https://nakedbiblepodcast.com/podcast/naked-bible-191-sbl-conference-interviews-part-2/,https://dts.podtrac.com/redirect.mp3/nakedbiblepodcast.com/podcast-download/1759/naked-bible-191-sbl-conference-interviews-part-2.mp3?ref=download,https://nakedbiblepodcast.com/wp-content/uploads/2017/12/NB-191-Transcript.pdf
190,Sbl Conference Interviews Part 1,https://nakedbiblepodcast.com/podcast/naked-bible-190-sbl-conference-interviews-part-1/,https://dts.podtrac.com/redirect.mp3/nakedbiblepodcast.com/podcast-download/1757/naked-bible-190-sbl-conference-interviews-part-1.mp3?ref=download,https://nakedbiblepodcast.com/wp-content/uploads/2017/12/NB-190-Transcript.pdf
189,Live From Boston,https://nakedbiblepodcast.com/podcast/naked-bible-189-live-from-boston/,https://dts.podtrac.com/redirect.mp3/nakedbiblepodcast.com/podcast-download/1753/naked-bible-189-live-from-boston.mp3?ref=download,https://nakedbiblepodcast.com/wp-content/uploads/2017/12/NB-189-Transcript.pdf
188,Ets Conference Interviews Part 2,https://nakedbiblepodcast.com/podcast/naked-bible-188-ets-conference-interviews-part-2/,https://dts.podtrac.com/redirect.mp3/nakedbiblepodcast.com/podcast-download/1751/naked-bible-188-ets-conference-interviews-part-2.mp3?ref=download,https://nakedbiblepodcast.com/wp-content/uploads/2017/12/NB-188-Transcript.pdf
187,Ets Conference Interviews Part 1,https://nakedbiblepodcast.com/podcast/naked-bible-187-ets-conference-interviews-part-1/,https://dts.podtrac.com/redirect.mp3/nakedbiblepodcast.com/podcast-download/1749/naked-bible-187-ets-conference-interviews-part-1.mp3?ref=download,https://nakedbiblepodcast.com/wp-content/uploads/2017/11/NB-187-Transcript.pdf
186,Discovering Mercy With Fern And Audrey,https://nakedbiblepodcast.com/podcast/naked-bible-186-discovering-mercy-with-fern-and-audrey/,https://dts.podtrac.com/redirect.mp3/nakedbiblepodcast.com/podcast-download/1746/naked-bible-186-discovering-mercy-with-fern-and-audrey.mp3?ref=download,https://nakedbiblepodcast.com/wp-content/uploads/2017/11/NB-186-Transcript.pdf
185,Hebrews 7,https://nakedbiblepodcast.com/podcast/naked-bible-185-hebrews-7/,https://dts.podtrac.com/redirect.mp3/nakedbiblepodcast.com/podcast-download/1734/naked-bible-185-hebrews-7.mp3?ref=download,https://nakedbiblepodcast.com/wp-content/uploads/2017/11/NB-185-Transcript.pdf
184,Hebrews 511 620,https://nakedbiblepodcast.com/podcast/naked-bible-184-hebrews-511-620/,https://dts.podtrac.com/redirect.mp3/nakedbiblepodcast.com/podcast-download/1729/naked-bible-184-hebrews-511-620.mp3?ref=download,https://nakedbiblepodcast.com/wp-content/uploads/2017/11/NB-184-Transcript.pdf
183,Hebrews 414 510,https://nakedbiblepodcast.com/podcast/naked-bible-183-hebrews-414-510/,https://dts.podtrac.com/redirect.mp3/nakedbiblepodcast.com/podcast-download/1720/naked-bible-183-hebrews-414-510.mp3?ref=download,https://nakedbiblepodcast.com/wp-content/uploads/2017/11/NB-183-Transcript.pdf
182,Hebrews 41 13,https://nakedbiblepodcast.com/podcast/naked-bible-182-hebrews-41-13/,https://dts.podtrac.com/redirect.mp3/nakedbiblepodcast.com/podcast-download/1716/naked-bible-182-hebrews-41-13.mp3?ref=download,https://nakedbiblepodcast.com/wp-content/uploads/2017/11/NB-182-Transcript.pdf
181,Hebrews 3,https://nakedbiblepodcast.com/podcast/naked-bible-181-hebrews-3/,https://dts.podtrac.com/redirect.mp3/nakedbiblepodcast.com/podcast-download/1702/naked-bible-181-hebrews-3.mp3?ref=download,https://nakedbiblepodcast.com/wp-content/uploads/2017/10/NB-181-Transcript.pdf
180,Continuing The Nar Conversation With Dr Michael L Brown,https://nakedbiblepodcast.com/podcast/naked-bible-180-continuing-the-nar-conversation-with-dr-michael-l-brown/,https://dts.podtrac.com/redirect.mp3/nakedbiblepodcast.com/podcast-download/1699/naked-bible-180-continuing-the-nar-conversation-with-dr-michael-l-brown.mp3?ref=download,https://nakedbiblepodcast.com/wp-content/uploads/2017/10/NB-180-Transcript.pdf
179,What Is The New Apostolic Reformation,https://nakedbiblepodcast.com/podcast/naked-bible-179-what-is-the-new-apostolic-reformation/,https://dts.podtrac.com/redirect.mp3/nakedbiblepodcast.com/podcast-download/1688/naked-bible-179-what-is-the-new-apostolic-reformation.mp3?ref=download,https://nakedbiblepodcast.com/wp-content/uploads/2017/10/NB-179-Transcript.pdf
178,Why The World Didnt End On September 23,https://nakedbiblepodcast.com/podcast/naked-bible-178-why-the-world-didnt-end-on-september-23/,https://dts.podtrac.com/redirect.mp3/nakedbiblepodcast.com/podcast-download/1680/naked-bible-178-why-the-world-didnt-end-on-september-23.mp3?ref=download,https://nakedbiblepodcast.com/wp-content/uploads/2017/09/NB-178-Transcript.pdf
177,Hebrews 2,https://nakedbiblepodcast.com/podcast/naked-bible-177-hebrews-2/,https://dts.podtrac.com/redirect.mp3/nakedbiblepodcast.com/podcast-download/1674/naked-bible-177-hebrews-2.mp3?ref=download,https://nakedbiblepodcast.com/wp-content/uploads/2017/09/NB-177-Transcript.pdf
176,Hebrews 15 14,https://nakedbiblepodcast.com/podcast/naked-bible-176-hebrews-15-14/,https://dts.podtrac.com/redirect.mp3/nakedbiblepodcast.com/podcast-download/1651/naked-bible-176-hebrews-15-14.mp3?ref=download,https://nakedbiblepodcast.com/wp-content/uploads/2017/09/NB-176-Transcript.pdf
175,Hebrews 11 4,https://nakedbiblepodcast.com/podcast/naked-bible-175-hebrews-11-4/,https://dts.podtrac.com/redirect.mp3/nakedbiblepodcast.com/podcast-download/1649/naked-bible-175-hebrews-11-4.mp3?ref=download,https://nakedbiblepodcast.com/wp-content/uploads/2017/09/NB-175-Transcript.pdf
174,Live From Lubbock,https://nakedbiblepodcast.com/podcast/naked-bible-174-live-from-lubbock/,https://dts.podtrac.com/redirect.mp3/nakedbiblepodcast.com/podcast-download/1646/naked-bible-174-live-from-lubbock.mp3?ref=download,https://nakedbiblepodcast.com/wp-content/uploads/2017/09/NB-174-Transcript.pdf
173,Introducing The Book Of Hebrews,https://nakedbiblepodcast.com/podcast/naked-bible-173-introducing-the-book-of-hebrews/,https://dts.podtrac.com/redirect.mp3/nakedbiblepodcast.com/podcast-download/1640/naked-bible-173-introducing-the-book-of-hebrews.mp3?ref=download,https://nakedbiblepodcast.com/wp-content/uploads/2017/09/NB-173-Transcript.pdf
172,Melchizedek Qa,https://nakedbiblepodcast.com/podcast/naked-bible-172-melchizedek-qa/,https://dts.podtrac.com/redirect.mp3/nakedbiblepodcast.com/podcast-download/1626/naked-bible-172-melchizedek-qa.mp3?ref=download,https://nakedbiblepodcast.com/wp-content/uploads/2017/09/NB-172-Transcript.pdf
171,Qa 23,https://nakedbiblepodcast.com/podcast/naked-bible-171-qa-23/,https://dts.podtrac.com/redirect.mp3/nakedbiblepodcast.com/podcast-download/1617/naked-bible-171-qa-23.mp3?ref=download,https://nakedbiblepodcast.com/wp-content/uploads/2017/08/NB-171-Transcript.pdf
170,Melchizedek Part 3,https://nakedbiblepodcast.com/podcast/naked-bible-170-melchizedek-part-3/,https://dts.podtrac.com/redirect.mp3/nakedbiblepodcast.com/podcast-download/1539/naked-bible-170-melchizedek-part-3.mp3?ref=download,https://nakedbiblepodcast.com/wp-content/uploads/2017/08/NB-170-Transcript.pdf
169,Surviving And Thriving In Seminary,https://nakedbiblepodcast.com/podcast/naked-bible-169-surviving-and-thriving-in-seminary/,https://dts.podtrac.com/redirect.mp3/nakedbiblepodcast.com/podcast-download/1532/naked-bible-169-surviving-and-thriving-in-seminary.mp3?ref=download,https://nakedbiblepodcast.com/wp-content/uploads/2017/08/NB-169-Transcript.pdf
168,Melchizedek Part 2,https://nakedbiblepodcast.com/podcast/naked-bible-168-melchizedek-part-2/,https://dts.podtrac.com/redirect.mp3/nakedbiblepodcast.com/podcast-download/1520/naked-bible-168-melchizedek-part-2.mp3?ref=download,https://nakedbiblepodcast.com/wp-content/uploads/2017/07/NB-168-Transcript.pdf
167,Melchizedek Part 1B,https://nakedbiblepodcast.com/podcast/naked-bible-167-melchizedek-part-1b/,https://dts.podtrac.com/redirect.mp3/nakedbiblepodcast.com/podcast-download/1513/naked-bible-167-melchizedek-part-1b.mp3?ref=download,https://nakedbiblepodcast.com/wp-content/uploads/2017/07/NB-167-Transcript-1B.pdf
166,Melchizedek Part 1A,https://nakedbiblepodcast.com/podcast/naked-bible-166-melchizedek-part-1a/,https://dts.podtrac.com/redirect.mp3/nakedbiblepodcast.com/podcast-download/1507/naked-bible-166-melchizedek-part-1a.mp3?ref=download,https://nakedbiblepodcast.com/wp-content/uploads/2017/07/NB-166-Transcript.pdf
165,Qa 22,https://nakedbiblepodcast.com/podcast/naked-bible-165-qa-22/,https://dts.podtrac.com/redirect.mp3/nakedbiblepodcast.com/podcast-download/1497/naked-bible-165-qa-22.mp3?ref=download,https://nakedbiblepodcast.com/wp-content/uploads/2017/07/NB-165-Transcript.pdf
164,Pauls Ascent And Angelic Torment With David Burnett,https://nakedbiblepodcast.com/podcast/naked-bible-164-pauls-ascent-and-angelic-torment-with-david-burnett/,https://dts.podtrac.com/redirect.mp3/nakedbiblepodcast.com/podcast-download/1490/naked-bible-164-pauls-ascent-and-angelic-torment-with-david-burnett.mp3?ref=download,https://nakedbiblepodcast.com/wp-content/uploads/2017/07/NB-164-Transcript.pdf
163,Other Gods And Other Religions With Gerald Mcdermott,https://nakedbiblepodcast.com/podcast/naked-bible-163-other-gods-and-other-religions-with-gerald-mcdermott/,https://dts.podtrac.com/redirect.mp3/nakedbiblepodcast.com/podcast-download/1485/naked-bible-163-other-gods-and-other-religions-with-gerald-mcdermott.mp3?ref=download,https://nakedbiblepodcast.com/wp-content/uploads/2017/06/NB-163-Transcript.pdf
162,The Evil Eye,https://nakedbiblepodcast.com/podcast/naked-bible-162-the-evil-eye/,https://dts.podtrac.com/redirect.mp3/nakedbiblepodcast.com/podcast-download/1475/naked-bible-162-the-evil-eye.mp3?ref=download,https://nakedbiblepodcast.com/wp-content/uploads/2017/06/NB-162-Transcript.pdf
161,Translating Genesis 1 11,https://nakedbiblepodcast.com/podcast/naked-bible-161-translating-genesis-1-11/,https://dts.podtrac.com/redirect.mp3/nakedbiblepodcast.com/podcast-download/1450/naked-bible-161-translating-genesis-1-11.mp3?ref=download,https://nakedbiblepodcast.com/wp-content/uploads/2017/06/NB-161-Transcript.pdf
160,Qa 21,https://nakedbiblepodcast.com/podcast/naked-bible-160-qa-21/,https://dts.podtrac.com/redirect.mp3/nakedbiblepodcast.com/podcast-download/1444/naked-bible-160-qa-21.mp3?ref=download,https://nakedbiblepodcast.com/wp-content/uploads/2017/06/NB-160-Transcript.pdf
159,Noahs Nakedness The Sin Of Ham And The Curse Of Canaan,https://nakedbiblepodcast.com/podcast/naked-bible-159-noahs-nakedness-the-sin-of-ham-and-the-curse-of-canaan/,https://dts.podtrac.com/redirect.mp3/nakedbiblepodcast.com/podcast-download/1425/naked-bible-159-noahs-nakedness-the-sin-of-ham-and-the-curse-of-canaan.mp3?ref=download,https://nakedbiblepodcast.com/wp-content/uploads/2017/09/NB-159-Transcript-1.pdf
158,The Fate Of The Ark Of The Covenant,https://nakedbiblepodcast.com/podcast/naked-bible-158-the-fate-of-the-ark-of-the-covenant/,https://dts.podtrac.com/redirect.mp3/nakedbiblepodcast.com/podcast-download/1420/naked-bible-158-the-fate-of-the-ark-of-the-covenant.mp3?ref=download,https://nakedbiblepodcast.com/wp-content/uploads/2017/05/NB-158-Transcript.pdf
157,Ezekiel 40 48 Part 2,https://nakedbiblepodcast.com/podcast/naked-bible-157-ezekiel-40-48-part-2/,https://dts.podtrac.com/redirect.mp3/nakedbiblepodcast.com/podcast-download/1411/naked-bible-157-ezekiel-40-48-part-2.mp3?ref=download,https://nakedbiblepodcast.com/wp-content/uploads/2017/05/NB-157-Transcript.pdf
156,Ezekiel 40 48 Part 1,https://nakedbiblepodcast.com/podcast/naked-bible-156-ezekiel-40-48-part-1/,https://dts.podtrac.com/redirect.mp3/nakedbiblepodcast.com/podcast-download/1399/naked-bible-156-ezekiel-40-48-part-1.mp3?ref=download,https://nakedbiblepodcast.com/wp-content/uploads/2017/05/NB-156-Transcript-1.pdf
155,David Limbaugh,https://nakedbiblepodcast.com/podcast/naked-bible-155-david-limbaugh/,https://dts.podtrac.com/redirect.mp3/nakedbiblepodcast.com/podcast-download/1386/naked-bible-155-david-limbaugh.mp3?ref=download,https://nakedbiblepodcast.com/wp-content/uploads/2017/04/NB-155-Transcript.pdf
154,Qa 20,https://nakedbiblepodcast.com/podcast/naked-bible-154-qa-20/,https://dts.podtrac.com/redirect.mp3/nakedbiblepodcast.com/podcast-download/1378/naked-bible-154-qa-20.mp3?ref=download,https://nakedbiblepodcast.com/wp-content/uploads/2017/04/NB-154-Transcript.pdf
153,Ezekiel 38 39 Part 2,https://nakedbiblepodcast.com/podcast/naked-bible-153-ezekiel-38-39-part-2/,https://dts.podtrac.com/redirect.mp3/nakedbiblepodcast.com/podcast-download/1374/naked-bible-153-ezekiel-38-39-part-2.mp3?ref=download,https://nakedbiblepodcast.com/wp-content/uploads/2017/04/NB-153-Transcript.pdf
152,Ezekiel 38 39 Part 1,https://nakedbiblepodcast.com/podcast/naked-bible-152-ezekiel-38-39-part-1/,https://dts.podtrac.com/redirect.mp3/nakedbiblepodcast.com/podcast-download/1360/naked-bible-152-ezekiel-38-39-part-1.mp3?ref=download,https://nakedbiblepodcast.com/wp-content/uploads/2017/04/NB-152-Transcript.pdf
151,Ezekiel 37,https://nakedbiblepodcast.com/podcast/naked-bible-151-ezekiel-37/,https://dts.podtrac.com/redirect.mp3/nakedbiblepodcast.com/podcast-download/1350/naked-bible-151-ezekiel-37.mp3?ref=download,https://nakedbiblepodcast.com/wp-content/uploads/2017/03/NB-151-Transcript.pdf
150,Ezekiel 35 36,https://nakedbiblepodcast.com/podcast/naked-bible-150-ezekiel-35-36/,https://dts.podtrac.com/redirect.mp3/nakedbiblepodcast.com/podcast-download/1304/naked-bible-150-ezekiel-35-36.mp3?ref=download,https://nakedbiblepodcast.com/wp-content/uploads/2017/03/NB-150-Transcript.pdf
149,Qa With Fern Audrey And Beth,https://nakedbiblepodcast.com/podcast/naked-bible-149-qa-with-fern-audrey-and-beth/,https://dts.podtrac.com/redirect.mp3/nakedbiblepodcast.com/podcast-download/1297/naked-bible-149-qa-with-fern-audrey-and-beth.mp3?ref=download,https://nakedbiblepodcast.com/wp-content/uploads/2017/03/NB-149-Transcript.pdf
148,Qa 19,https://nakedbiblepodcast.com/podcast/naked-bible-148-qa-19/,https://dts.podtrac.com/redirect.mp3/nakedbiblepodcast.com/podcast-download/1293/naked-bible-148-qa-19.mp3?ref=download,https://nakedbiblepodcast.com/wp-content/uploads/2017/03/NB-148-Transcript.pdf
147,Ezekiel 33 34,https://nakedbiblepodcast.com/podcast/naked-bible-147-ezekiel-33-34/,https://dts.podtrac.com/redirect.mp3/nakedbiblepodcast.com/podcast-download/1279/naked-bible-147-ezekiel-33-34.mp3?ref=download,https://nakedbiblepodcast.com/wp-content/uploads/2017/03/NB-147-Transcript.pdf
146,Ezekiel 32,https://nakedbiblepodcast.com/podcast/naked-bible-146-ezekiel-32/,https://dts.podtrac.com/redirect.mp3/nakedbiblepodcast.com/podcast-download/1276/naked-bible-146-ezekiel-32.mp3?ref=download,https://nakedbiblepodcast.com/wp-content/uploads/2017/03/NB-146-Transcript.pdf
145,Ezekiel 31,https://nakedbiblepodcast.com/podcast/naked-bible-145-ezekiel-31/,https://dts.podtrac.com/redirect.mp3/nakedbiblepodcast.com/podcast-download/1261/naked-bible-145-ezekiel-31.mp3?ref=download,https://nakedbiblepodcast.com/wp-content/uploads/2017/03/NB-145-Transcript.pdf
144,Ezekiel 29 30,https://nakedbiblepodcast.com/podcast/naked-bible-144-ezekiel-29-30/,https://dts.podtrac.com/redirect.mp3/nakedbiblepodcast.com/podcast-download/1255/naked-bible-144-ezekiel-29-30.mp3?ref=download,https://nakedbiblepodcast.com/wp-content/uploads/2017/03/NB-144-Transcript.pdf
143,Ezekiel 28,https://nakedbiblepodcast.com/podcast/naked-bible-143-ezekiel-28/,https://dts.podtrac.com/redirect.mp3/nakedbiblepodcast.com/podcast-download/1240/naked-bible-143-ezekiel-28.mp3?ref=download,https://nakedbiblepodcast.com/wp-content/uploads/2017/02/NB-143-Transcript.pdf
142,Ezekiel 26 27,https://nakedbiblepodcast.com/podcast/naked-bible-142-ezekiel-26-27/,https://dts.podtrac.com/redirect.mp3/nakedbiblepodcast.com/podcast-download/1217/naked-bible-142-ezekiel-26-27.mp3?ref=download,https://nakedbiblepodcast.com/wp-content/uploads/2017/02/NB-142-Transcript.pdf
141,Ezekiel 25,https://nakedbiblepodcast.com/podcast/naked-bible-141-ezekiel-25/,https://dts.podtrac.com/redirect.mp3/nakedbiblepodcast.com/podcast-download/1215/naked-bible-141-ezekiel-25.mp3?ref=download,https://nakedbiblepodcast.com/wp-content/uploads/2017/02/NB-141-Transcript.pdf
140,Ezekiel 24,https://nakedbiblepodcast.com/podcast/naked-bible-140-ezekiel-24/,https://dts.podtrac.com/redirect.mp3/nakedbiblepodcast.com/podcast-download/1212/naked-bible-140-ezekiel-24.mp3?ref=download,https://nakedbiblepodcast.com/wp-content/uploads/2017/02/NB-140Transcript.pdf
139,Qa 18,https://nakedbiblepodcast.com/podcast/naked-bible-139-qa-18/,https://dts.podtrac.com/redirect.mp3/nakedbiblepodcast.com/podcast-download/1206/naked-bible-139-qa-18.mp3?ref=download,https://nakedbiblepodcast.com/wp-content/uploads/2017/02/NB-139Transcript.pdf
138,What Day Was Jesus Born,https://nakedbiblepodcast.com/podcast/naked-bible-138-what-day-was-jesus-born/,https://dts.podtrac.com/redirect.mp3/nakedbiblepodcast.com/podcast-download/1195/naked-bible-138-what-day-was-jesus-born.mp3?ref=download,https://nakedbiblepodcast.com/wp-content/uploads/2017/02/NB-138-Transcript.pdf
137,Ezekiel 23,https://nakedbiblepodcast.com/podcast/naked-bible-137-ezekiel-23/,https://dts.podtrac.com/redirect.mp3/nakedbiblepodcast.com/podcast-download/1171/naked-bible-137-ezekiel-23.mp3?ref=download,https://nakedbiblepodcast.com/wp-content/uploads/2017/02/NB-137-Transcript.pdf
136,Ezekiel 21 22,https://nakedbiblepodcast.com/podcast/naked-bible-136-ezekiel-21-22/,https://dts.podtrac.com/redirect.mp3/nakedbiblepodcast.com/podcast-download/1164/naked-bible-136-ezekiel-21-22.mp3?ref=download,https://nakedbiblepodcast.com/wp-content/uploads/2017/02/NB-136-Transcript.pdf
135,Ezekiel 19 20,https://nakedbiblepodcast.com/podcast/naked-bible-135-ezekiel-19-20/,https://dts.podtrac.com/redirect.mp3/nakedbiblepodcast.com/podcast-download/1147/naked-bible-135-ezekiel-19-20.mp3?ref=download,https://nakedbiblepodcast.com/wp-content/uploads/2017/02/NB-135-Transcript.pdf
134,Conference Interviews Part 6,https://nakedbiblepodcast.com/podcast/naked-bible-134-conference-interviews-part-6/,https://dts.podtrac.com/redirect.mp3/nakedbiblepodcast.com/podcast-download/1094/naked-bible-134-conference-interviews-part-6.mp3?ref=download,https://nakedbiblepodcast.com/wp-content/uploads/2016/12/Transcript-134.pdf
133,Live From San Antonio,https://nakedbiblepodcast.com/podcast/naked-bible-133-live-from-san-antonio/,https://dts.podtrac.com/redirect.mp3/nakedbiblepodcast.com/podcast-download/1092/naked-bible-133-live-from-san-antonio.mp3?ref=download,https://nakedbiblepodcast.com/wp-content/uploads/2016/12/Transcript-133.pdf
132,Conference Interviews Part 5,https://nakedbiblepodcast.com/podcast/naked-bible-132-conference-interviews-part-5/,https://dts.podtrac.com/redirect.mp3/nakedbiblepodcast.com/podcast-download/1090/naked-bible-132-conference-interviews-part-5.mp3?ref=download,https://nakedbiblepodcast.com/wp-content/uploads/2016/12/Transcript-132.pdf
131,Conference Interviews Part 4,https://nakedbiblepodcast.com/podcast/naked-bible-131-conference-interviews-part-4/,https://dts.podtrac.com/redirect.mp3/nakedbiblepodcast.com/podcast-download/1088/naked-bible-131-conference-interviews-part-4.mp3?ref=download,https://nakedbiblepodcast.com/wp-content/uploads/2016/12/Transcript-131.pdf
130,Conference Interviews Part 3,https://nakedbiblepodcast.com/podcast/naked-bible-130-conference-interviews-part-3/,https://dts.podtrac.com/redirect.mp3/nakedbiblepodcast.com/podcast-download/1086/naked-bible-130-conference-interviews-part-3.mp3?ref=download,https://nakedbiblepodcast.com/wp-content/uploads/2016/12/Transcript-130.pdf
129,Conference Interviews Part 2,https://nakedbiblepodcast.com/podcast/naked-bible-129-conference-interviews-part-2/,https://dts.podtrac.com/redirect.mp3/nakedbiblepodcast.com/podcast-download/1084/naked-bible-129-conference-interviews-part-2.mp3?ref=download,https://nakedbiblepodcast.com/wp-content/uploads/2016/12/Transcript-129.pdf
128,Conference Interviews Part 1,https://nakedbiblepodcast.com/podcast/naked-bible-128-conference-interviews-part-1/,https://dts.podtrac.com/redirect.mp3/nakedbiblepodcast.com/podcast-download/1082/naked-bible-128-conference-interviews-part-1.mp3?ref=download,https://nakedbiblepodcast.com/wp-content/uploads/2016/12/Transcript-128.pdf
127,Qa 17,https://nakedbiblepodcast.com/podcast/naked-bible-127-qa-17/,https://dts.podtrac.com/redirect.mp3/nakedbiblepodcast.com/podcast-download/1072/naked-bible-127-qa-17.mp3?ref=download,https://nakedbiblepodcast.com/wp-content/uploads/2017/01/Transcript-127.pdf
126,Ezekiel 18,https://nakedbiblepodcast.com/podcast/naked-bible-126-ezekiel-18/,https://dts.podtrac.com/redirect.mp3/nakedbiblepodcast.com/podcast-download/1070/naked-bible-126-ezekiel-18.mp3?ref=download,https://nakedbiblepodcast.com/wp-content/uploads/2017/01/Transcript-126.pdf
125,Bible Study Tools,https://nakedbiblepodcast.com/podcast/naked-bible-125-bible-study-tools/,https://dts.podtrac.com/redirect.mp3/nakedbiblepodcast.com/podcast-download/1063/naked-bible-125-bible-study-tools.mp3?ref=download,https://nakedbiblepodcast.com/wp-content/uploads/2017/01/Transcript-125.pdf
124,Ezekiel 17,https://nakedbiblepodcast.com/podcast/naked-bible-124-ezekiel-17/,https://dts.podtrac.com/redirect.mp3/nakedbiblepodcast.com/podcast-download/1053/naked-bible-124-ezekiel-17.mp3?ref=download,https://nakedbiblepodcast.com/wp-content/uploads/2017/01/Transcript-124.pdf
123,Ezekiel 16,https://nakedbiblepodcast.com/podcast/naked-bible-123-ezekiel-16/,https://dts.podtrac.com/redirect.mp3/nakedbiblepodcast.com/podcast-download/1051/naked-bible-123-ezekiel-16.mp3?ref=download,https://nakedbiblepodcast.com/wp-content/uploads/2017/01/Transcript-123.pdf
122,Ezekiel 14 15,https://nakedbiblepodcast.com/podcast/naked-bible-122-ezekiel-14-15/,https://dts.podtrac.com/redirect.mp3/nakedbiblepodcast.com/podcast-download/1046/naked-bible-122-ezekiel-14-15.mp3?ref=download,https://nakedbiblepodcast.com/wp-content/uploads/2017/01/Transcript-122.pdf
121,Ezekiel 12 13,https://nakedbiblepodcast.com/podcast/naked-bible-121-ezekiel-12-13/,https://dts.podtrac.com/redirect.mp3/nakedbiblepodcast.com/podcast-download/1040/naked-bible-121-ezekiel-12-13.mp3?ref=download,https://nakedbiblepodcast.com/wp-content/uploads/2016/12/Transcript-121.pdf
120,Fern Audrey And Beth,https://nakedbiblepodcast.com/podcast/naked-bible-120-fern-audrey-and-beth/,https://dts.podtrac.com/redirect.mp3/nakedbiblepodcast.com/podcast-download/1032/naked-bible-120-fern-audrey-and-beth.mp3?ref=download,https://nakedbiblepodcast.com/wp-content/uploads/2016/12/Transcript-120.pdf
119,Ezekiel 10 11,https://nakedbiblepodcast.com/podcast/naked-bible-119-ezekiel-10-11/,https://dts.podtrac.com/redirect.mp3/nakedbiblepodcast.com/podcast-download/1030/naked-bible-119-ezekiel-10-11.mp3?ref=download,https://nakedbiblepodcast.com/wp-content/uploads/2016/12/Transcript-119.pdf
118,Qa 16,https://nakedbiblepodcast.com/podcast/naked-bible-118-qa-16/,https://dts.podtrac.com/redirect.mp3/nakedbiblepodcast.com/podcast-download/1019/naked-bible-118-qa-16.mp3?ref=download,https://nakedbiblepodcast.com/wp-content/uploads/2016/12/Transcript-118.pdf
117,Ezekiel 8 9,https://nakedbiblepodcast.com/podcast/naked-bible-117-ezekiel-8-9/,https://dts.podtrac.com/redirect.mp3/nakedbiblepodcast.com/podcast-download/1014/naked-bible-117-ezekiel-8-9.mp3?ref=download,https://nakedbiblepodcast.com/wp-content/uploads/2016/12/Transcript-117.pdf
116,Ezekiel 7,https://nakedbiblepodcast.com/podcast/naked-bible-116-ezekiel-7/,https://dts.podtrac.com/redirect.mp3/nakedbiblepodcast.com/podcast-download/1007/naked-bible-116-ezekiel-7.mp3?ref=download,https://nakedbiblepodcast.com/wp-content/uploads/2016/09/Transcript-116-Ezekiel-7.pdf
115,Ezekiel 6,https://nakedbiblepodcast.com/podcast/naked-bible-115-ezekiel-6/,https://dts.podtrac.com/redirect.mp3/nakedbiblepodcast.com/podcast-download/994/naked-bible-115-ezekiel-6.mp3?ref=download,https://nakedbiblepodcast.com/wp-content/uploads/2016/09/Transcript-115-Ezekiel-6.pdf
114,Ezekiel 4 5,https://nakedbiblepodcast.com/podcast/naked-bible-114-ezekiel-4-5/,https://dts.podtrac.com/redirect.mp3/nakedbiblepodcast.com/podcast-download/982/naked-bible-114-ezekiel-4-5.mp3?ref=download,https://nakedbiblepodcast.com/wp-content/uploads/2016/08/Transcript-114-Ezekiel-4-5.pdf
113,Ezekiel 2 3,https://nakedbiblepodcast.com/podcast/naked-bible-113-ezekiel-2-3/,https://dts.podtrac.com/redirect.mp3/nakedbiblepodcast.com/podcast-download/980/naked-bible-113-ezekiel-2-3.mp3?ref=download,https://nakedbiblepodcast.com/wp-content/uploads/2016/08/Transcript-113-Ezekiel-2-3.pdf
112,Ezekiel 1,https://nakedbiblepodcast.com/podcast/naked-bible-112-ezekiel-1/,https://dts.podtrac.com/redirect.mp3/nakedbiblepodcast.com/podcast-download/971/naked-bible-112-ezekiel-1.mp3?ref=download,https://nakedbiblepodcast.com/wp-content/uploads/2016/08/Transcript-112-Ezekiel-1.pdf
111,Introducing The Book Of Ezekiel,https://nakedbiblepodcast.com/podcast/naked-bible-111-introducing-the-book-of-ezekiel/,https://dts.podtrac.com/redirect.mp3/nakedbiblepodcast.com/podcast-download/956/naked-bible-111-introducing-the-book-of-ezekiel.mp3?ref=download,https://nakedbiblepodcast.com/wp-content/uploads/2016/08/Transcript-111-Intro-Ezekiel.pdf
110,Qa 15,https://nakedbiblepodcast.com/podcast/naked-bible-110-qa-15/,https://dts.podtrac.com/redirect.mp3/nakedbiblepodcast.com/podcast-download/938/naked-bible-110-qa-15.mp3?ref=download,https://nakedbiblepodcast.com/wp-content/uploads/2016/07/Transcript-110-QA-15.pdf
109,John 10 Gods Or Men,https://nakedbiblepodcast.com/podcast/naked-bible-109-john-10-gods-or-men/,https://dts.podtrac.com/redirect.mp3/nakedbiblepodcast.com/podcast-download/922/naked-bible-109-john-10-gods-or-men.mp3?ref=download,https://nakedbiblepodcast.com/wp-content/uploads/2016/07/Transcript-109-John-10-gods-or-Men.pdf
108,Qa 14,https://nakedbiblepodcast.com/podcast/naked-bible-108-qa-14/,https://dts.podtrac.com/redirect.mp3/nakedbiblepodcast.com/podcast-download/919/naked-bible-108-qa-14.mp3?ref=download,https://nakedbiblepodcast.com/wp-content/uploads/2016/07/Transcript-108-QA-14.pdf
107,Book Of Obadiah Part 2,https://nakedbiblepodcast.com/podcast/naked-bible-107-book-of-obadiah-part-2/,https://dts.podtrac.com/redirect.mp3/nakedbiblepodcast.com/podcast-download/910/naked-bible-107-book-of-obadiah-part-2.mp3?ref=download,https://nakedbiblepodcast.com/wp-content/uploads/2016/07/Transcript-107-Obadiah2.pdf
106,Book Of Obadiah Part 1,https://nakedbiblepodcast.com/podcast/naked-bible-106-book-of-obadiah-part-1/,https://dts.podtrac.com/redirect.mp3/nakedbiblepodcast.com/podcast-download/901/naked-bible-106-book-of-obadiah-part-1.mp3?ref=download,https://nakedbiblepodcast.com/wp-content/uploads/2016/07/Transcript-106-Obadiah1.pdf
105,Qa 13,https://nakedbiblepodcast.com/podcast/naked-bible-105-qa-13/,https://dts.podtrac.com/redirect.mp3/nakedbiblepodcast.com/podcast-download/896/naked-bible-105-qa-13.mp3?ref=download,https://nakedbiblepodcast.com/wp-content/uploads/2016/07/Transcript-105-QA-13.pdf
104,How We Got The Old Testament,https://nakedbiblepodcast.com/podcast/naked-bible-104-how-we-got-the-old-testament/,https://dts.podtrac.com/redirect.mp3/nakedbiblepodcast.com/podcast-download/884/naked-bible-104-how-we-got-the-old-testament.mp3?ref=download,https://nakedbiblepodcast.com/wp-content/uploads/2016/06/Transcript-104-How-We-Got-OT.pdf
103,Moses And The Bronze Serpent,https://nakedbiblepodcast.com/podcast/naked-bible-103-moses-and-the-bronze-serpent/,https://dts.podtrac.com/redirect.mp3/nakedbiblepodcast.com/podcast-download/880/naked-bible-103-moses-and-the-bronze-serpent.mp3?ref=download,https://nakedbiblepodcast.com/wp-content/uploads/2016/06/Transcript-103-Moses-Bronze-Serpent.pdf
102,What Does All Israel Will Be Saved Mean,https://nakedbiblepodcast.com/podcast/naked-bible-102-what-does-all-israel-will-be-saved-mean/,https://dts.podtrac.com/redirect.mp3/nakedbiblepodcast.com/podcast-download/853/naked-bible-102-what-does-all-israel-will-be-saved-mean.mp3?ref=download,https://nakedbiblepodcast.com/wp-content/uploads/2016/06/Transcript-102-Israel-Saved.pdf
101,Jesus The Exile And The Tribulation,https://nakedbiblepodcast.com/podcast/naked-bible-101-jesus-the-exile-and-the-tribulation/,https://dts.podtrac.com/redirect.mp3/nakedbiblepodcast.com/podcast-download/850/naked-bible-101-jesus-the-exile-and-the-tribulation.mp3?ref=download,https://nakedbiblepodcast.com/wp-content/uploads/2016/06/Transcript-101-Jesus-Exile.pdf
100,Celebration,https://nakedbiblepodcast.com/podcast/naked-bible-100-celebration/,https://dts.podtrac.com/redirect.mp3/nakedbiblepodcast.com/podcast-download/842/naked-bible-100-celebration.mp3?ref=download,https://nakedbiblepodcast.com/wp-content/uploads/2016/05/Transcript-100-Celebration.pdf
99,Debunking Greek Nt Manuscript Conspiracies,https://nakedbiblepodcast.com/podcast/naked-bible-99-debunking-greek-nt-manuscript-conspiracies/,https://dts.podtrac.com/redirect.mp3/nakedbiblepodcast.com/podcast-download/828/naked-bible-99-debunking-greek-nt-manuscript-conspiracies.mp3?ref=download,https://nakedbiblepodcast.com/wp-content/uploads/2016/05/Transcript-99-Greek-NT-Manuscript.pdf
98,House Churches,https://nakedbiblepodcast.com/podcast/naked-bible-98-house-churches/,https://dts.podtrac.com/redirect.mp3/nakedbiblepodcast.com/podcast-download/824/naked-bible-98-house-churches.mp3?ref=download,https://nakedbiblepodcast.com/wp-content/uploads/2016/05/Transcript-98-House-Churches.pdf
97,Qa 12,https://nakedbiblepodcast.com/podcast/naked-bible-97-qa-12/,https://dts.podtrac.com/redirect.mp3/nakedbiblepodcast.com/podcast-download/812/naked-bible-97-qa-12.mp3?ref=download,https://nakedbiblepodcast.com/wp-content/uploads/2016/04/Transcript-97-QA-12.pdf
96,Qa 11,https://nakedbiblepodcast.com/podcast/naked-bible-96-qa-11/,https://dts.podtrac.com/redirect.mp3/nakedbiblepodcast.com/podcast-download/804/naked-bible-96-qa-11.mp3?ref=download,https://nakedbiblepodcast.com/wp-content/uploads/2016/04/Transcript-96-QA-11.pdf
95,David Burnett Resurrection And The Death Of The Gods,https://nakedbiblepodcast.com/podcast/naked-bible-95-david-burnett-resurrection-and-the-death-of-the-gods/,https://dts.podtrac.com/redirect.mp3/nakedbiblepodcast.com/podcast-download/794/naked-bible-95-david-burnett-resurrection-and-the-death-of-the-gods.mp3?ref=download,https://nakedbiblepodcast.com/wp-content/uploads/2016/04/Transcript-95-David-Burnett-Death-of-the-Gods.pdf
94,The Sin Of The Watchers And Galatians 3 4,https://nakedbiblepodcast.com/podcast/naked-bible-94-the-sin-of-the-watchers-and-galatians-3-4/,https://dts.podtrac.com/redirect.mp3/nakedbiblepodcast.com/podcast-download/788/naked-bible-94-the-sin-of-the-watchers-and-galatians-3-4.mp3?ref=download,https://nakedbiblepodcast.com/wp-content/uploads/2016/04/Transcript-94-Sin-of-Watchers-and-Galatians-3-4.pdf
93,The Book Of Enoch In The Early Church,https://nakedbiblepodcast.com/podcast/naked-bible-93-the-book-of-enoch-in-the-early-church/,https://dts.podtrac.com/redirect.mp3/nakedbiblepodcast.com/podcast-download/777/naked-bible-93-the-book-of-enoch-in-the-early-church.mp3?ref=download,https://nakedbiblepodcast.com/wp-content/uploads/2016/04/Transcript-93-Book-of-Enoch.pdf
92,Stones Of Fire,https://nakedbiblepodcast.com/podcast/naked-bible-92-stones-of-fire/,https://dts.podtrac.com/redirect.mp3/nakedbiblepodcast.com/podcast-download/756/naked-bible-92-stones-of-fire.mp3?ref=download,https://nakedbiblepodcast.com/wp-content/uploads/2016/03/Transcript-92-Stones-of-Fire.pdf
91,Qa 10,https://nakedbiblepodcast.com/podcast/naked-bible-91-qa-10/,https://dts.podtrac.com/redirect.mp3/nakedbiblepodcast.com/podcast-download/752/naked-bible-91-qa-10.mp3?ref=download,https://nakedbiblepodcast.com/wp-content/uploads/2016/03/Transcript-91-QA-10.pdf
90,Lake Of Fire,https://nakedbiblepodcast.com/podcast/naked-bible-90-lake-of-fire/,https://dts.podtrac.com/redirect.mp3/nakedbiblepodcast.com/podcast-download/734/naked-bible-90-lake-of-fire.mp3?ref=download,https://nakedbiblepodcast.com/wp-content/uploads/2016/03/Transcript-90-Lake-of-Fire.pdf
89,The Book Of Life,https://nakedbiblepodcast.com/podcast/naked-bible-89-the-book-of-life/,https://dts.podtrac.com/redirect.mp3/nakedbiblepodcast.com/podcast-download/732/naked-bible-89-the-book-of-life.mp3?ref=download,https://nakedbiblepodcast.com/wp-content/uploads/2016/03/Transcript-89-Book-of-Life.pdf
88,What Is The Spiritual Body Paul Talks About In 1 Cor 15,https://nakedbiblepodcast.com/podcast/naked-bible-88-what-is-the-spiritual-body-paul-talks-about-in-1-cor-15/,https://dts.podtrac.com/redirect.mp3/nakedbiblepodcast.com/podcast-download/719/naked-bible-88-what-is-the-spiritual-body-paul-talks-about-in-1-cor-15.mp3?ref=download,https://nakedbiblepodcast.com/wp-content/uploads/2016/02/Transcript-88-Spiritual-Body.pdf
87,Exorcism Of Demons As Part Of The Messianic Profile,https://nakedbiblepodcast.com/podcast/naked-bible-87-exorcism-of-demons-as-part-of-the-messianic-profile/,https://dts.podtrac.com/redirect.mp3/nakedbiblepodcast.com/podcast-download/717/naked-bible-87-exorcism-of-demons-as-part-of-the-messianic-profile.mp3?ref=download,https://nakedbiblepodcast.com/wp-content/uploads/2016/02/Transcript-87-Exorcism.pdf
86,The Head Covering Of 1 Corinthians 1113 15,https://nakedbiblepodcast.com/podcast/naked-bible-86-the-head-covering-of-1-corinthians-1113-15/,https://dts.podtrac.com/redirect.mp3/nakedbiblepodcast.com/podcast-download/701/naked-bible-86-the-head-covering-of-1-corinthians-1113-15.mp3?ref=download,https://nakedbiblepodcast.com/wp-content/uploads/2016/02/Transcript-86-Head-Covering-1Corinthians11.pdf
85,Qa 9,https://nakedbiblepodcast.com/podcast/naked-bible-85-qa-9/,https://dts.podtrac.com/redirect.mp3/nakedbiblepodcast.com/podcast-download/679/naked-bible-85-qa-9.mp3?ref=download,https://nakedbiblepodcast.com/wp-content/uploads/2016/02/Transcript-85-QA-9.pdf
84,Leviticus 26 27,https://nakedbiblepodcast.com/podcast/naked-bible-84-leviticus-26-27/,https://dts.podtrac.com/redirect.mp3/nakedbiblepodcast.com/podcast-download/676/naked-bible-84-leviticus-26-27.mp3?ref=download,https://nakedbiblepodcast.com/wp-content/uploads/2016/01/Transcript-84-Leviticus-26-27.pdf
83,Leviticus 23 25,https://nakedbiblepodcast.com/podcast/naked-bible-83-leviticus-23-25/,https://dts.podtrac.com/redirect.mp3/nakedbiblepodcast.com/podcast-download/671/naked-bible-83-leviticus-23-25.mp3?ref=download,https://nakedbiblepodcast.com/wp-content/uploads/2016/01/Transcript-83-Leviticus-23-25.pdf
82,Qa 8,https://nakedbiblepodcast.com/podcast/naked-bible-82-qa-8/,https://dts.podtrac.com/redirect.mp3/nakedbiblepodcast.com/podcast-download/663/naked-bible-82-qa-8.mp3?ref=download,https://nakedbiblepodcast.com/wp-content/uploads/2016/01/Transcript-82-QA-8.pdf
81,Leviticus 21 22,https://nakedbiblepodcast.com/podcast/naked-bible-81-leviticus-21-22/,https://dts.podtrac.com/redirect.mp3/nakedbiblepodcast.com/podcast-download/633/naked-bible-81-leviticus-21-22.mp3?ref=download,https://nakedbiblepodcast.com/wp-content/uploads/2016/01/Transcript-81-Leviticus-21-22.pdf
80,Leviticus 19 20,https://nakedbiblepodcast.com/podcast/naked-bible-80-leviticus-19-20/,https://dts.podtrac.com/redirect.mp3/nakedbiblepodcast.com/podcast-download/626/naked-bible-80-leviticus-19-20.mp3?ref=download,https://nakedbiblepodcast.com/wp-content/uploads/2016/01/Transcript-80-Leviticus-19-20.pdf
79,Leviticus 17 18,https://nakedbiblepodcast.com/podcast/naked-bible-79-leviticus-17-18/,https://dts.podtrac.com/redirect.mp3/nakedbiblepodcast.com/podcast-download/619/naked-bible-79-leviticus-17-18.mp3?ref=download,https://nakedbiblepodcast.com/wp-content/uploads/2015/12/Transcript-79-Leviticus-17-18.pdf
78,Conference Interviews Part 2,https://nakedbiblepodcast.com/podcast/naked-bible-78-conference-interviews-part-2/,https://dts.podtrac.com/redirect.mp3/nakedbiblepodcast.com/podcast-download/609/naked-bible-78-conference-interviews-part-2.mp3?ref=download,
77,Conference Interviews Part 1,https://nakedbiblepodcast.com/podcast/naked-bible-77-conference-interviews-part-1/,https://dts.podtrac.com/redirect.mp3/nakedbiblepodcast.com/podcast-download/607/naked-bible-77-conference-interviews-part-1.mp3?ref=download,
76,Leviticus 16,https://nakedbiblepodcast.com/podcast/naked-bible-76-leviticus-16/,https://dts.podtrac.com/redirect.mp3/nakedbiblepodcast.com/podcast-download/597/naked-bible-76-leviticus-16.mp3?ref=download,https://nakedbiblepodcast.com/wp-content/uploads/2015/12/Transcript-76-Leviticus-16.pdf
75,Leviticus 12 14,https://nakedbiblepodcast.com/podcast/naked-bible-75-leviticus-12-14/,https://dts.podtrac.com/redirect.mp3/nakedbiblepodcast.com/podcast-download/586/naked-bible-75-leviticus-12-14.mp3?ref=download,https://nakedbiblepodcast.com/wp-content/uploads/2015/11/Transcript-75-Leviticus-12-14.pdf
74,Leviticus 11,https://nakedbiblepodcast.com/podcast/naked-bible-74-leviticus-11/,https://dts.podtrac.com/redirect.mp3/nakedbiblepodcast.com/podcast-download/578/naked-bible-74-leviticus-11.mp3?ref=download,https://nakedbiblepodcast.com/wp-content/uploads/2015/11/Transcript-74-Leviticus-11.pdf
73,Leviticus 10,https://nakedbiblepodcast.com/podcast/naked-bible-73-leviticus-10/,https://dts.podtrac.com/redirect.mp3/nakedbiblepodcast.com/podcast-download/576/naked-bible-73-leviticus-10.mp3?ref=download,https://nakedbiblepodcast.com/wp-content/uploads/2015/11/Transcript-73-Leviticus-10.pdf
72,Leviticus 8 9,https://nakedbiblepodcast.com/podcast/naked-bible-72-leviticus-8-9/,https://dts.podtrac.com/redirect.mp3/nakedbiblepodcast.com/podcast-download/565/naked-bible-72-leviticus-8-9.mp3?ref=download,https://nakedbiblepodcast.com/wp-content/uploads/2015/10/Transcript-72-Leviticus-8-9.pdf
71,Qa 7,https://nakedbiblepodcast.com/podcast/naked-bible-71-qa-7/,https://dts.podtrac.com/redirect.mp3/nakedbiblepodcast.com/podcast-download/561/naked-bible-71-qa-7.mp3?ref=download,https://nakedbiblepodcast.com/wp-content/uploads/2015/10/Transcript-71-QA7.pdf
70,Qa 6,https://nakedbiblepodcast.com/podcast/naked-bible-70-qa-6/,https://dts.podtrac.com/redirect.mp3/nakedbiblepodcast.com/podcast-download/543/naked-bible-70-qa-6.mp3?ref=download,https://nakedbiblepodcast.com/wp-content/uploads/2015/10/Transcript-70-QA6.pdf
69,Leviticus 6 7,https://nakedbiblepodcast.com/podcast/naked-bible-69-leviticus-6-7/,https://dts.podtrac.com/redirect.mp3/nakedbiblepodcast.com/podcast-download/521/naked-bible-69-leviticus-6-7.mp3?ref=download,https://nakedbiblepodcast.com/wp-content/uploads/2015/10/Transcript-69-Leviticus-6-7.pdf
68,Interview With Fern And Audrey,https://nakedbiblepodcast.com/podcast/naked-bible-68-interview-with-fern-and-audrey/,https://dts.podtrac.com/redirect.mp3/nakedbiblepodcast.com/podcast-download/512/naked-bible-68-interview-with-fern-and-audrey.mp3?ref=download,https://nakedbiblepodcast.com/wp-content/uploads/2017/02/Podcast-68-Interview.pdf
67,Leviticus 5,https://nakedbiblepodcast.com/podcast/naked-bible-67-leviticus-5/,https://dts.podtrac.com/redirect.mp3/nakedbiblepodcast.com/podcast-download/506/naked-bible-67-leviticus-5.mp3?ref=download,https://nakedbiblepodcast.com/wp-content/uploads/2015/09/Transcript-67-Leviticus-5.pdf
66,Leviticus 4,https://nakedbiblepodcast.com/podcast/naked-bible-66-leviticus-4/,https://dts.podtrac.com/redirect.mp3/nakedbiblepodcast.com/podcast-download/504/naked-bible-66-leviticus-4.mp3?ref=download,https://nakedbiblepodcast.com/wp-content/uploads/2015/09/Transcript-66-Leviticus-4.pdf
65,Leviticus 2 3,https://nakedbiblepodcast.com/podcast/naked-bible-65-leviticus-2-3/,https://dts.podtrac.com/redirect.mp3/nakedbiblepodcast.com/podcast-download/492/naked-bible-65-leviticus-2-3.mp3?ref=download,https://nakedbiblepodcast.com/wp-content/uploads/2015/09/Transcript-65-Leviticus-2-3.pdf
64,Leviticus 1,https://nakedbiblepodcast.com/podcast/naked-bible-64-leviticus-1/,https://dts.podtrac.com/redirect.mp3/nakedbiblepodcast.com/podcast-download/490/naked-bible-64-leviticus-1.mp3?ref=download,https://nakedbiblepodcast.com/wp-content/uploads/2015/09/Transcript-64-Leviticus-1.pdf
63,Introducing Leviticus,https://nakedbiblepodcast.com/podcast/naked-bible-63-introducing-leviticus/,https://dts.podtrac.com/redirect.mp3/nakedbiblepodcast.com/podcast-download/469/naked-bible-63-introducing-leviticus.mp3?ref=download,https://nakedbiblepodcast.com/wp-content/uploads/2015/08/Transcript-63-Leviticus-Intro.pdf
62,Qa 5,https://nakedbiblepodcast.com/podcast/naked-bible-62-qa-5/,https://dts.podtrac.com/redirect.mp3/nakedbiblepodcast.com/podcast-download/466/naked-bible-62-qa-5.mp3?ref=download,https://nakedbiblepodcast.com/wp-content/uploads/2015/08/Transcript-62-QA5.pdf
61,David Burnett,https://nakedbiblepodcast.com/podcast/naked-bible-61-david-burnett/,https://dts.podtrac.com/redirect.mp3/nakedbiblepodcast.com/podcast-download/457/naked-bible-61-david-burnett.mp3?ref=download,https://nakedbiblepodcast.com/wp-content/uploads/2015/08/Transcript-61-David-Burnett.pdf
60,Acts 27 28,https://nakedbiblepodcast.com/podcast/naked-bible-60-acts-27-28/,https://dts.podtrac.com/redirect.mp3/nakedbiblepodcast.com/podcast-download/445/naked-bible-60-acts-27-28.mp3?ref=download,https://nakedbiblepodcast.com/wp-content/uploads/2015/08/Transcript-60-Acts-27-28.pdf
59,Qa 4,https://nakedbiblepodcast.com/podcast/naked-bible-59-qa-4/,https://dts.podtrac.com/redirect.mp3/nakedbiblepodcast.com/podcast-download/432/naked-bible-59-qa-4.mp3?ref=download,https://nakedbiblepodcast.com/wp-content/uploads/2015/08/Transcript-59-QA4.pdf
58,Acts 23 26,https://nakedbiblepodcast.com/podcast/naked-bible-58-acts-23-26/,https://dts.podtrac.com/redirect.mp3/nakedbiblepodcast.com/podcast-download/428/naked-bible-58-acts-23-26.mp3?ref=download,https://nakedbiblepodcast.com/wp-content/uploads/2015/08/Transcript-58-Acts-23-26.pdf
57,Acts 22,https://nakedbiblepodcast.com/podcast/naked-bible-57-acts-22/,https://dts.podtrac.com/redirect.mp3/nakedbiblepodcast.com/podcast-download/419/naked-bible-57-acts-22.mp3?ref=download,https://nakedbiblepodcast.com/wp-content/uploads/2015/07/Transcript-57-Acts-22.pdf
56,Acts 20 21,https://nakedbiblepodcast.com/podcast/naked-bible-56-acts-20-21/,https://dts.podtrac.com/redirect.mp3/nakedbiblepodcast.com/podcast-download/408/naked-bible-56-acts-20-21.mp3?ref=download,https://nakedbiblepodcast.com/wp-content/uploads/2015/07/Transcript-56-Acts-20-21.pdf
55,Dr Ronn Johnson,https://nakedbiblepodcast.com/podcast/naked-bible-55-dr-ronn-johnson/,https://dts.podtrac.com/redirect.mp3/nakedbiblepodcast.com/podcast-download/401/naked-bible-55-dr-ronn-johnson.mp3?ref=download,https://nakedbiblepodcast.com/wp-content/uploads/2015/07/Transcript-55-Ronn-Johnson.pdf
54,Acts 18 19,https://nakedbiblepodcast.com/podcast/naked-bible-54-acts-18-19/,https://dts.podtrac.com/redirect.mp3/nakedbiblepodcast.com/podcast-download/396/naked-bible-54-acts-18-19.mp3?ref=download,https://nakedbiblepodcast.com/wp-content/uploads/2015/06/Transcript-54-Acts-18-19.pdf
53,Qa 3,https://nakedbiblepodcast.com/podcast/naked-bible-53-qa-3/,https://dts.podtrac.com/redirect.mp3/nakedbiblepodcast.com/podcast-download/387/naked-bible-53-qa-3.mp3?ref=download,https://nakedbiblepodcast.com/wp-content/uploads/2015/07/Transcript-53-QA-3.pdf
52,Acts 16 17,https://nakedbiblepodcast.com/podcast/naked-bible-52-acts-16-17/,https://dts.podtrac.com/redirect.mp3/nakedbiblepodcast.com/podcast-download/370/naked-bible-52-acts-16-17.mp3?ref=download,https://nakedbiblepodcast.com/wp-content/uploads/2015/06/Transcript-52-Acts-16-17.pdf
51,Acts 15,https://nakedbiblepodcast.com/podcast/naked-bible-51-acts-15/,https://dts.podtrac.com/redirect.mp3/nakedbiblepodcast.com/podcast-download/362/naked-bible-51-acts-15.mp3?ref=download,https://nakedbiblepodcast.com/wp-content/uploads/2015/06/Transcript-51-Acts-15.pdf
50,Acts 14,https://nakedbiblepodcast.com/podcast/naked-bible-50-acts-14/,https://dts.podtrac.com/redirect.mp3/nakedbiblepodcast.com/podcast-download/352/naked-bible-50-acts-14.mp3?ref=download,https://nakedbiblepodcast.com/wp-content/uploads/2015/05/Transcript-50-Acts-14.pdf
49,Acts 13,https://nakedbiblepodcast.com/podcast/naked-bible-49-acts-13/,https://dts.podtrac.com/redirect.mp3/nakedbiblepodcast.com/podcast-download/345/naked-bible-49-acts-13.mp3?ref=download,https://nakedbiblepodcast.com/wp-content/uploads/2015/06/Transcript-49-Acts-13.pdf
48,Acts 11 12,https://nakedbiblepodcast.com/podcast/naked-bible-48-acts-11-12/,https://dts.podtrac.com/redirect.mp3/nakedbiblepodcast.com/podcast-download/335/naked-bible-48-acts-11-12.mp3?ref=download,https://nakedbiblepodcast.com/wp-content/uploads/2015/05/Transcript-48-Acts-1112.pdf
47,Acts 10,https://nakedbiblepodcast.com/podcast/naked-bible-47-acts-10/,https://dts.podtrac.com/redirect.mp3/nakedbiblepodcast.com/podcast-download/324/naked-bible-47-acts-10.mp3?ref=download,https://nakedbiblepodcast.com/wp-content/uploads/2015/05/Transcript-47-Acts-10.pdf
46,Qa 2,https://nakedbiblepodcast.com/podcast/naked-bible-46-qa-2/,https://dts.podtrac.com/redirect.mp3/nakedbiblepodcast.com/podcast-download/318/naked-bible-46-qa-2.mp3?ref=download,https://nakedbiblepodcast.com/wp-content/uploads/2015/05/Transcript-46-QA2.pdf
45,Acts 9,https://nakedbiblepodcast.com/podcast/naked-bible-45-acts-9/,https://dts.podtrac.com/redirect.mp3/nakedbiblepodcast.com/podcast-download/304/naked-bible-45-acts-9.mp3?ref=download,https://nakedbiblepodcast.com/wp-content/uploads/2015/04/Transcript-45-Acts-9.pdf
44,Acts 8,https://nakedbiblepodcast.com/podcast/naked-bible-44-acts-8/,https://dts.podtrac.com/redirect.mp3/nakedbiblepodcast.com/podcast-download/297/naked-bible-44-acts-8.mp3?ref=download,https://nakedbiblepodcast.com/wp-content/uploads/2015/04/Transcript-44-Acts-8.pdf
43,Acts 6 7,https://nakedbiblepodcast.com/podcast/naked-bible-43-acts-6-7/,https://dts.podtrac.com/redirect.mp3/nakedbiblepodcast.com/podcast-download/288/naked-bible-43-acts-6-7.mp3?ref=download,https://nakedbiblepodcast.com/wp-content/uploads/2015/04/Transcript-43-Acts-6-7.pdf
42,Acts 4 5,https://nakedbiblepodcast.com/podcast/naked-bible-42-acts-4-5/,https://dts.podtrac.com/redirect.mp3/nakedbiblepodcast.com/podcast-download/276/naked-bible-42-acts-4-5.mp3?ref=download,https://nakedbiblepodcast.com/wp-content/uploads/2015/04/Transcript-42-Acts-4-5.pdf
41,Acts 3,https://nakedbiblepodcast.com/podcast/naked-bible-41-acts-3/,https://dts.podtrac.com/redirect.mp3/nakedbiblepodcast.com/podcast-download/269/naked-bible-41-acts-3.mp3?ref=download,https://nakedbiblepodcast.com/wp-content/uploads/2015/03/Transcript-41-Acts-3.pdf
40,Qa 1,https://nakedbiblepodcast.com/podcast/naked-bible-40-qa-1/,https://dts.podtrac.com/redirect.mp3/nakedbiblepodcast.com/podcast-download/258/naked-bible-40-qa-1.mp3?ref=download,https://nakedbiblepodcast.com/wp-content/uploads/2015/03/Transcript-40-QA1.pdf
39,Acts 242 47,https://nakedbiblepodcast.com/podcast/naked-bible-39-acts-242-47/,https://dts.podtrac.com/redirect.mp3/nakedbiblepodcast.com/podcast-download/249/naked-bible-39-acts-242-47.mp3?ref=download,https://nakedbiblepodcast.com/wp-content/uploads/2015/03/Transcript-39-Acts-2-v42-47.pdf
38,Acts 222 41,https://nakedbiblepodcast.com/podcast/naked-bible-38-acts-222-41/,https://dts.podtrac.com/redirect.mp3/nakedbiblepodcast.com/podcast-download/244/naked-bible-38-acts-222-41.mp3?ref=download,https://nakedbiblepodcast.com/wp-content/uploads/2015/03/Transcript-38-Acts-2-v22-47.pdf
37,Acts 21 21,https://nakedbiblepodcast.com/podcast/naked-bible-37-acts-21-21/,https://dts.podtrac.com/redirect.mp3/nakedbiblepodcast.com/podcast-download/225/naked-bible-37-acts-21-21.mp3?ref=download,https://nakedbiblepodcast.com/wp-content/uploads/2015/02/Transcript-37-Acts-2-v1-21.pdf
36,Acts 112 26,https://nakedbiblepodcast.com/podcast/naked-bible-36-acts-112-26/,https://dts.podtrac.com/redirect.mp3/nakedbiblepodcast.com/podcast-download/218/naked-bible-36-acts-112-26.mp3?ref=download,https://nakedbiblepodcast.com/wp-content/uploads/2015/10/Transcript-36-Acts-1_12-26.pdf
35,Acts 11 11,https://nakedbiblepodcast.com/podcast/naked-bible-35-acts-11-11/,https://dts.podtrac.com/redirect.mp3/nakedbiblepodcast.com/podcast-download/213/naked-bible-35-acts-11-11.mp3?ref=download,https://nakedbiblepodcast.com/wp-content/uploads/2015/02/Transcript-35-Acts-1-v1-11.pdf
034,Version 2 0,https://nakedbiblepodcast.com/podcast/naked-bible-034-version-2-0/,https://dts.podtrac.com/redirect.mp3/nakedbiblepodcast.com/podcast-download/209/naked-bible-034-version-2-0.mp3?ref=download,
033,Studying The Original Languages Of The Bible Word Study Techniques Part 2,https://nakedbiblepodcast.com/podcast/naked-bible-033-studying-the-original-languages-of-the-bible-word-study-techniques-part-2/,https://dts.podtrac.com/redirect.mp3/nakedbiblepodcast.com/podcast-download/176/naked-bible-033-studying-the-original-languages-of-the-bible-word-study-techniques-part-2.mp3?ref=download,https://nakedbiblepodcast.com/wp-content/uploads/2017/08/NB-33-Transcript.pdf
032,Studying The Original Languages Of The Bible Word Study Techniques Part 1,https://nakedbiblepodcast.com/podcast/naked-bible-032-studying-the-original-languages-of-the-bible-word-study-techniques-part-1/,https://dts.podtrac.com/redirect.mp3/nakedbiblepodcast.com/podcast-download/174/naked-bible-032-studying-the-original-languages-of-the-bible-word-study-techniques-part-1.mp3?ref=download,https://nakedbiblepodcast.com/wp-content/uploads/2017/08/NB-32-Transcript.pdf
031,Studying The Original Languages Of The Bible Exegetical Fallacies,https://nakedbiblepodcast.com/podcast/naked-bible-031-studying-the-original-languages-of-the-bible-exegetical-fallacies/,https://dts.podtrac.com/redirect.mp3/nakedbiblepodcast.com/podcast-download/169/naked-bible-031-studying-the-original-languages-of-the-bible-exegetical-fallacies.mp3?ref=download,https://nakedbiblepodcast.com/wp-content/uploads/2017/08/NB-31-Transcript.pdf
030,Studying The Original Languages Of The Bible Introduction To Word Meaning,https://nakedbiblepodcast.com/podcast/naked-bible-030-studying-the-original-languages-of-the-bible-introduction-to-word-meaning/,https://dts.podtrac.com/redirect.mp3/nakedbiblepodcast.com/podcast-download/167/naked-bible-030-studying-the-original-languages-of-the-bible-introduction-to-word-meaning.mp3?ref=download,https://nakedbiblepodcast.com/wp-content/uploads/2017/08/NB-30-Transcript.pdf
029,The Bibles Literary Context Prophecy And Apocalyptic,https://nakedbiblepodcast.com/podcast/naked-bible-029-the-bibles-literary-context-prophecy-and-apocalyptic/,https://dts.podtrac.com/redirect.mp3/nakedbiblepodcast.com/podcast-download/165/naked-bible-029-the-bibles-literary-context-prophecy-and-apocalyptic.mp3?ref=download,https://nakedbiblepodcast.com/wp-content/uploads/2017/08/NB-29-Transcript.pdf
028,The Bibles Literary Context The Comedic Genre And The New Testament,https://nakedbiblepodcast.com/podcast/naked-bible-028-the-bibles-literary-context-the-comedic-genre-and-the-new-testament/,https://dts.podtrac.com/redirect.mp3/nakedbiblepodcast.com/podcast-download/163/naked-bible-028-the-bibles-literary-context-the-comedic-genre-and-the-new-testament.mp3?ref=download,https://nakedbiblepodcast.com/wp-content/uploads/2017/08/NB-28-Transcript.pdf
027,The Bibles Literary Context What Is A Proverb,https://nakedbiblepodcast.com/podcast/naked-bible-027-the-bibles-literary-context-what-is-a-proverb/,https://dts.podtrac.com/redirect.mp3/nakedbiblepodcast.com/podcast-download/161/naked-bible-027-the-bibles-literary-context-what-is-a-proverb.mp3?ref=download,https://nakedbiblepodcast.com/wp-content/uploads/2017/08/NB-27-Transcript.pdf
026,The Bibles Literary Context Parables,https://nakedbiblepodcast.com/podcast/naked-bible-026-the-bibles-literary-context-parables/,https://dts.podtrac.com/redirect.mp3/nakedbiblepodcast.com/podcast-download/159/naked-bible-026-the-bibles-literary-context-parables.mp3?ref=download,https://nakedbiblepodcast.com/wp-content/uploads/2017/08/NB-26-Transcript.pdf
025,The Bibles Literary Context Greco Roman Ghost Stories And The Gospels,https://nakedbiblepodcast.com/podcast/naked-bible-025-the-bibles-literary-context-greco-roman-ghost-stories-and-the-gospels/,https://dts.podtrac.com/redirect.mp3/nakedbiblepodcast.com/podcast-download/157/naked-bible-025-the-bibles-literary-context-greco-roman-ghost-stories-and-the-gospels.mp3?ref=download,https://nakedbiblepodcast.com/wp-content/uploads/2017/08/NB-25-Transcript.pdf
024,The Bibles Literary Context The Military Historical Annal Genre,https://nakedbiblepodcast.com/podcast/naked-bible-024-the-bibles-literary-context-the-military-historical-annal-genre/,https://dts.podtrac.com/redirect.mp3/nakedbiblepodcast.com/podcast-download/155/naked-bible-024-the-bibles-literary-context-the-military-historical-annal-genre.mp3?ref=download,https://nakedbiblepodcast.com/wp-content/uploads/2017/08/NB-24-Transcript.pdf
023,The Bibles Literary Context The Legal Genre,https://nakedbiblepodcast.com/podcast/naked-bible-023-the-bibles-literary-context-the-legal-genre/,https://dts.podtrac.com/redirect.mp3/nakedbiblepodcast.com/podcast-download/153/naked-bible-023-the-bibles-literary-context-the-legal-genre.mp3?ref=download,https://nakedbiblepodcast.com/wp-content/uploads/2017/08/NB-23-Transcript.pdf
022,Introducing Genres And Reading Bible Stories Like Fiction,https://nakedbiblepodcast.com/podcast/naked-bible-022-introducing-genres-and-reading-bible-stories-like-fiction/,https://dts.podtrac.com/redirect.mp3/nakedbiblepodcast.com/podcast-download/151/naked-bible-022-introducing-genres-and-reading-bible-stories-like-fiction.mp3?ref=download,https://nakedbiblepodcast.com/wp-content/uploads/2017/08/NB-22-Transcript.pdf
021,Taking The Bibles Own Context Seriously Part 6 Books For 2Nd Temple Nt Study,https://nakedbiblepodcast.com/podcast/naked-bible-021-taking-the-bibles-own-context-seriously-part-6-books-for-2nd-temple-nt-study/,https://dts.podtrac.com/redirect.mp3/nakedbiblepodcast.com/podcast-download/149/naked-bible-021-taking-the-bibles-own-context-seriously-part-6-books-for-2nd-temple-nt-study.mp3?ref=download,https://nakedbiblepodcast.com/wp-content/uploads/2017/08/NB-21-Transcript.pdf
020,Taking The Bibles Own Context Seriously Part 5 Books For Ane And Ot Study,https://nakedbiblepodcast.com/podcast/naked-bible-020-taking-the-bibles-own-context-seriously-part-5-books-for-ane-and-ot-study/,https://dts.podtrac.com/redirect.mp3/nakedbiblepodcast.com/podcast-download/147/naked-bible-020-taking-the-bibles-own-context-seriously-part-5-books-for-ane-and-ot-study.mp3?ref=download,https://nakedbiblepodcast.com/wp-content/uploads/2017/08/NB-20-Transcript.pdf
019,Taking The Bibles Own Context Seriously Part 4 2Nd Temple Texts In Translation,https://nakedbiblepodcast.com/podcast/naked-bible-019-taking-the-bibles-own-context-seriously-part-4-2nd-temple-texts-in-translation/,https://dts.podtrac.com/redirect.mp3/nakedbiblepodcast.com/podcast-download/145/naked-bible-019-taking-the-bibles-own-context-seriously-part-4-2nd-temple-texts-in-translation.mp3?ref=download,https://nakedbiblepodcast.com/wp-content/uploads/2017/08/NB-19-Transcript.pdf
018,Taking The Bibles Own Context Seriously Part 3 Ane Texts In Translation,https://nakedbiblepodcast.com/podcast/naked-bible-018-taking-the-bibles-own-context-seriously-part-3-ane-texts-in-translation/,https://dts.podtrac.com/redirect.mp3/nakedbiblepodcast.com/podcast-download/143/naked-bible-018-taking-the-bibles-own-context-seriously-part-3-ane-texts-in-translation.mp3?ref=download,https://nakedbiblepodcast.com/wp-content/uploads/2017/08/NB-18-Transcript.pdf
017,Taking The Bibles Own Context Seriously,https://nakedbiblepodcast.com/podcast/naked-bible-017-taking-the-bibles-own-context-seriously/,https://dts.podtrac.com/redirect.mp3/nakedbiblepodcast.com/podcast-download/141/naked-bible-017-taking-the-bibles-own-context-seriously.mp3?ref=download,https://nakedbiblepodcast.com/wp-content/uploads/2017/08/NB-17-Transcript.pdf
016,Heisers Laws For Bible Study Learning To Study The Bible Part 1,https://nakedbiblepodcast.com/podcast/naked-bible-016-heisers-laws-for-bible-study-learning-to-study-the-bible-part-1/,https://dts.podtrac.com/redirect.mp3/nakedbiblepodcast.com/podcast-download/121/naked-bible-016-heisers-laws-for-bible-study-learning-to-study-the-bible-part-1.mp3?ref=download,https://nakedbiblepodcast.com/wp-content/uploads/2017/08/NB-16-Transcript.pdf
015,The Lords Supper And 1 Corinthians 8 11 Part 2,https://nakedbiblepodcast.com/podcast/naked-bible-015-the-lords-supper-and-1-corinthians-8-11-part-2/,https://dts.podtrac.com/redirect.mp3/nakedbiblepodcast.com/podcast-download/119/naked-bible-015-the-lords-supper-and-1-corinthians-8-11-part-2.mp3?ref=download,https://nakedbiblepodcast.com/wp-content/uploads/2017/08/NB-15-Transcript.pdf
014,The Lords Supper And 1 Corinthians 8 11 Part 1,https://nakedbiblepodcast.com/podcast/naked-bible-014-the-lords-supper-and-1-corinthians-8-11-part-1/,https://dts.podtrac.com/redirect.mp3/nakedbiblepodcast.com/podcast-download/117/naked-bible-014-the-lords-supper-and-1-corinthians-8-11-part-1.mp3?ref=download,https://nakedbiblepodcast.com/wp-content/uploads/2017/08/NB-14-Transcript.pdf
013,The Lords Supper And The Gospels Part 2,https://nakedbiblepodcast.com/podcast/naked-bible-013-the-lords-supper-and-the-gospels-part-2/,https://dts.podtrac.com/redirect.mp3/nakedbiblepodcast.com/podcast-download/115/naked-bible-013-the-lords-supper-and-the-gospels-part-2.mp3?ref=download,https://nakedbiblepodcast.com/wp-content/uploads/2017/08/NB-13-Transcript.pdf
012,The Lords Supper And The Gospels Part 1,https://nakedbiblepodcast.com/podcast/naked-bible-012-the-lords-supper-and-the-gospels-part-1/,https://dts.podtrac.com/redirect.mp3/nakedbiblepodcast.com/podcast-download/113/naked-bible-012-the-lords-supper-and-the-gospels-part-1.mp3?ref=download,https://nakedbiblepodcast.com/wp-content/uploads/2017/08/NB-12-Transcript.pdf
011,Introducing The Lords Supper Series,https://nakedbiblepodcast.com/podcast/naked-bible-011-introducing-the-lords-supper-series/,https://dts.podtrac.com/redirect.mp3/nakedbiblepodcast.com/podcast-download/111/naked-bible-011-introducing-the-lords-supper-series.mp3?ref=download,https://nakedbiblepodcast.com/wp-content/uploads/2017/08/NB-11-Transcript.pdf
010,Baptism Problem Passages Acts 238,https://nakedbiblepodcast.com/podcast/naked-bible-010-baptism-problem-passages-acts-238/,https://dts.podtrac.com/redirect.mp3/nakedbiblepodcast.com/podcast-download/109/naked-bible-010-baptism-problem-passages-acts-238.mp3?ref=download,https://nakedbiblepodcast.com/wp-content/uploads/2017/08/NB-10-Transcript.pdf
009,Baptism Problem Passages Acts 2216,https://nakedbiblepodcast.com/podcast/naked-bible-009-baptism-problem-passages-acts-2216/,https://dts.podtrac.com/redirect.mp3/nakedbiblepodcast.com/podcast-download/107/naked-bible-009-baptism-problem-passages-acts-2216.mp3?ref=download,https://nakedbiblepodcast.com/wp-content/uploads/2017/08/NB-09-Transcript.pdf
008,Baptism Problem Passages 1 Peter 314 22,https://nakedbiblepodcast.com/podcast/naked-bible-008-baptism-problem-passages-1-peter-314-22/,https://dts.podtrac.com/redirect.mp3/nakedbiblepodcast.com/podcast-download/105/naked-bible-008-baptism-problem-passages-1-peter-314-22.mp3?ref=download,https://nakedbiblepodcast.com/wp-content/uploads/2017/08/NB-08-Transcript.pdf
007,The Mode Of Baptism And The Biblical Text,https://nakedbiblepodcast.com/podcast/naked-bible-007-the-mode-of-baptism-and-the-biblical-text/,https://dts.podtrac.com/redirect.mp3/nakedbiblepodcast.com/podcast-download/103/naked-bible-007-the-mode-of-baptism-and-the-biblical-text.mp3?ref=download,https://nakedbiblepodcast.com/wp-content/uploads/2017/08/NB-07-Transcript.pdf
006,Applying The Baptism Circumcision Theology To Adult Or Believers Baptism,https://nakedbiblepodcast.com/podcast/naked-bible-006-applying-the-baptism-circumcision-theology-to-adult-or-believers-baptism/,https://dts.podtrac.com/redirect.mp3/nakedbiblepodcast.com/podcast-download/96/naked-bible-006-applying-the-baptism-circumcision-theology-to-adult-or-believers-baptism.mp3?ref=download,https://nakedbiblepodcast.com/wp-content/uploads/2017/08/NB-06-Transcript.pdf
005,Baptism Circumcision And Biblical Theology,https://nakedbiblepodcast.com/podcast/naked-bible-005-baptism-circumcision-and-biblical-theology/,https://dts.podtrac.com/redirect.mp3/nakedbiblepodcast.com/podcast-download/94/naked-bible-005-baptism-circumcision-and-biblical-theology.mp3?ref=download,https://nakedbiblepodcast.com/wp-content/uploads/2017/08/NB-05-Transcript.pdf
004,Baptism Contradictions In Creeds Part 3,https://nakedbiblepodcast.com/podcast/naked-bible-004-baptism-contradictions-in-creeds-part-3/,https://dts.podtrac.com/redirect.mp3/nakedbiblepodcast.com/podcast-download/92/naked-bible-004-baptism-contradictions-in-creeds-part-3.mp3?ref=download,https://nakedbiblepodcast.com/wp-content/uploads/2017/08/NB-04-Transcript.pdf
003,Baptism Contradictions In Creeds Part 2,https://nakedbiblepodcast.com/podcast/naked-bible-003-baptism-contradictions-in-creeds-part-2/,https://dts.podtrac.com/redirect.mp3/nakedbiblepodcast.com/podcast-download/90/naked-bible-003-baptism-contradictions-in-creeds-part-2.mp3?ref=download,https://nakedbiblepodcast.com/wp-content/uploads/2017/08/NB-03-Transcript.pdf
002,Baptism Contradictions In Creeds Part 1,https://nakedbiblepodcast.com/podcast/naked-bible-002-baptism-contradictions-in-creeds-part-1/,https://dts.podtrac.com/redirect.mp3/nakedbiblepodcast.com/podcast-download/85/naked-bible-002-baptism-contradictions-in-creeds-part-1.mp3?ref=download,https://nakedbiblepodcast.com/wp-content/uploads/2017/08/NB-02-Transcript.pdf
001,Baptism What You Know May Not Be So,https://nakedbiblepodcast.com/podcast/naked-bible-001-baptism-what-you-know-may-not-be-so/,https://dts.podtrac.com/redirect.mp3/nakedbiblepodcast.com/podcast-download/83/naked-bible-001-baptism-what-you-know-may-not-be-so.mp3?ref=download,https://nakedbiblepodcast.com/wp-content/uploads/2017/08/NB-01-Transcript.pdf
